categorie,titel,stad,land,aantal,bod_eur,allin_eur,2dehands_query,2dehands_mediaan_eur,2dehands_n,verkoopwaarde_eur,marge_eur,roi_multiple,betrouwbaarheid,reden_laag,voorbeeldlistings,url
"Kleding, schoenen, accessoires",Color Socks 2-pack (1000x),Someren,NL,1000,320.00,380.80,2 pack,13745.00,56,13745000.00,13744619.20,36095.06,laag,verkoopwaarde/stuk is 36095x de kostprijs/stuk -- onwaarschijnlijk hoog,EUR26000 Moto BMW Adventure GSA 1300 Tramuntana | EUR31950 BMW X6 xDrive30d | FULL M-PACK | 3.0 Diesel | 258 PK | EUR31650 BMW X3 xDrive 20i,https://www.troostwijkauctions.com/l/color-socks-2-pack-%281000x%29-A1-43669-308
"Kleding, schoenen, accessoires",Color Socks 2-pack (500x),Someren,NL,500,205.00,243.95,2 pack,13745.00,56,6872500.00,6872256.05,28171.76,laag,verkoopwaarde/stuk is 28172x de kostprijs/stuk -- onwaarschijnlijk hoog,EUR26000 Moto BMW Adventure GSA 1300 Tramuntana | EUR31950 BMW X6 xDrive30d | FULL M-PACK | 3.0 Diesel | 258 PK | EUR31650 BMW X3 xDrive 20i,https://www.troostwijkauctions.com/l/color-socks-2-pack-%28500x%29-A1-43669-305
Hernieuwbare energie,Allimex - Golfhaak Allin (600x),Boxmeer,NL,600,300.00,357.00,Allin,3950.00,54,2370000.00,2369643.00,6638.66,laag,zoekterm te kort/generiek ('Allin'); verkoopwaarde/stuk is 6639x de kostprijs/stuk -- onwaarschijnlijk hoog,EUR80 PORTA POTTI 335 MET TOEBEHOREN | EUR5450 Goldline Spa 5 persoons Koopzondag 11% korting! | EUR14450 Volkswagen Caddy Trendline 5Pl-Benzine!//Airco//Pdc//Cruis,https://www.troostwijkauctions.com/l/allimex-golfhaak-allin-%28600x%29-A1-46371-474
Gereedschap,Ultra Force Equipment Gereedschapswagen 7 laden 269 pcs - softclose - 2026,Wijchen,NL,1,290.00,345.10,softclose,49900.00,57,49900.00,49554.90,144.60,laag,verkoopwaarde/stuk is 145x de kostprijs/stuk -- onwaarschijnlijk hoog,"EUR135 Telescoopladder Eurostairs Black ‘n Blue Prof 3,8m softclose | EUR42900 Benimar Mileo 282 zeer verzorgd, 2 x hefbed, trekhaak 80719 | EUR59900 Dethleffs Trend I 7057 DBM automaat en queensbed 33560",https://www.troostwijkauctions.com/l/ultra-force-equipment-gereedschapswagen-7-laden-269-pcs-softclose-2026-A1-40296-94
Gereedschap,Ultra Force Equipment Gereedschapswagen 11 laden 386 pcs - softclose,Wijchen,NL,1,400.00,476.00,softclose,49900.00,57,49900.00,49424.00,104.83,laag,verkoopwaarde/stuk is 105x de kostprijs/stuk -- onwaarschijnlijk hoog,"EUR135 Telescoopladder Eurostairs Black ‘n Blue Prof 3,8m softclose | EUR42900 Benimar Mileo 282 zeer verzorgd, 2 x hefbed, trekhaak 80719 | EUR59900 Dethleffs Trend I 7057 DBM automaat en queensbed 33560",https://www.troostwijkauctions.com/l/ultra-force-equipment-gereedschapswagen-11-laden-386-pcs-softclose-A1-40297-64
Kunst,Color Cap - Mix partij (800x),Someren,NL,800,130.00,154.70,Mix partij,49.00,49,39200.00,39045.30,253.39,laag,verkoopwaarde/stuk is 253x de kostprijs/stuk -- onwaarschijnlijk hoog,EUR10 partij schooltassen | EUR1000 Bouwleuning valbeveiliging schroefbalustrade | EUR70 Gebruikte Gaascontainer vaste gitterbox vaste vaste wanden,https://www.troostwijkauctions.com/l/color-cap-mix-partij-%28800x%29-A1-43669-280
Bulkhandel,Retsing Veiligheidbril (1000x),Someren,NL,1000,250.00,297.50,Veiligheidbril,38.25,4,38250.00,37952.50,128.57,laag,weinig 2dehands-resultaten (n=4); verkoopwaarde/stuk is 129x de kostprijs/stuk -- onwaarschijnlijk hoog,EUR60 Nerf geweren. | EUR29 Veiling - 100x Retsing Veiligheidbril | EUR48 Bolle Overlight II - doos met 7 veiligheidsbril veiligheid,https://www.troostwijkauctions.com/l/retsing-veiligheidbril-%281000x%29-A1-43669-151
Bulkhandel,Powerbank (1152x),Someren,NL,1152,300.00,357.00,Powerbank,32.50,50,37434.24,37077.24,104.86,laag,verkoopwaarde/stuk is 105x de kostprijs/stuk -- onwaarschijnlijk hoog,EUR5 Powerbank | EUR185 Drive 1800 Compressor - Variant 1 | EUR20 Imuto Aukey PowerAdd Powerbank 4x,https://www.troostwijkauctions.com/l/powerbank-%281152x%29-A1-43669-260
Bulkhandel,Prof. Horeca Theedoek - Zwart/Blauw (1440x),Someren,NL,1440,210.00,249.90,Theedoek Zwart Blauw,24.18,19,34819.20,34569.30,139.33,laag,verkoopwaarde/stuk is 139x de kostprijs/stuk -- onwaarschijnlijk hoog,EUR2 Handdoeken Blauw-Wit geblokt 50x50cm - Treb Towels | EUR2 Handdoek Blauw En Witte Blok 50x50cm Katoen - Treb Towels | EUR2 Handdoek Zwart en Witte Blok 50x50cm Katoen - Treb Towels,https://www.troostwijkauctions.com/l/prof-horeca-theedoek-zwart-blauw-%281440x%29-A1-43669-146
Bulkhandel,Prof. Horeca Theedoek - Zwart/Blauw (1440x),Someren,NL,1440,390.00,464.10,Theedoek Zwart Blauw,24.18,19,34819.20,34355.10,75.03,laag,verkoopwaarde/stuk is 75x de kostprijs/stuk -- onwaarschijnlijk hoog,EUR2 Handdoeken Blauw-Wit geblokt 50x50cm - Treb Towels | EUR2 Handdoek Blauw En Witte Blok 50x50cm Katoen - Treb Towels | EUR2 Handdoek Zwart en Witte Blok 50x50cm Katoen - Treb Towels,https://www.troostwijkauctions.com/l/prof-horeca-theedoek-zwart-blauw-%281440x%29-A1-43669-143
Schoonheid en gezondheid,CCFL Led light Nagel lampen (223x),Veldhoven,NL,223,250.00,297.50,light Nagel lampen,107.50,6,23972.50,23675.00,80.58,laag,weinig 2dehands-resultaten (n=6); verkoopwaarde/stuk is 81x de kostprijs/stuk -- onwaarschijnlijk hoog,EUR18 Tafellamp voor nagels NOVA LIGHT SLIM 2.0 | EUR650 Startpakket nagels biab acryl nagelfrees uv-lamp | EUR650 Startpakket nagels biab frees uv-lamp afzuiging,https://www.troostwijkauctions.com/l/ccfl-led-light-nagel-lampen-%28223x%29-A1-47440-101
Bulkhandel,Teenslippers - Paar - Mixpartij (540x),Someren,NL,540,270.00,321.30,Mixpartij,40.00,6,21600.00,21278.70,67.23,laag,weinig 2dehands-resultaten (n=6); verkoopwaarde/stuk is 67x de kostprijs/stuk -- onwaarschijnlijk hoog,"EUR1350 Rituals Mixpartij Nieuw – Sakura, Hammam & Meer Luxe Set | EUR1350 Rituals Mixpartij Nieuw – Sakura, Hammam & Meer Luxe Set | EUR10 Mixpartij Gebruikte Caféstoelen - S4382",https://www.troostwijkauctions.com/l/teenslippers-paar-mixpartij-%28540x%29-A1-43669-182
Kunst,Color Cap - Mix partij (400x),Someren,NL,400,110.00,130.90,Mix partij,46.00,48,18400.00,18269.10,140.57,laag,verkoopwaarde/stuk is 141x de kostprijs/stuk -- onwaarschijnlijk hoog,EUR10 partij schooltassen | EUR1000 Bouwleuning valbeveiliging schroefbalustrade | EUR70 Gebruikte Gaascontainer vaste gitterbox vaste vaste wanden,https://www.troostwijkauctions.com/l/color-cap-mix-partij-%28400x%29-A1-43669-276
Wonen & slapen,GU10 Opbouwspot Armatuur dun(200x),Puurs,BE,200,395.00,470.05,Armatuur dun,53.95,11,10790.00,10319.95,22.96,laag,verkoopwaarde/stuk is 23x de kostprijs/stuk -- onwaarschijnlijk hoog,EUR109 Veiling - 50x GU10 Opbouwspot Armatuur dun cilinder zand zwa | EUR48 Veiling - 20x GU10 Opbouwspot Armatuur dun cilinder zand zwa | EUR28 Veiling - 10x GU10 Opbouwspot Armatuur dun cilinder zand zwa,https://www.troostwijkauctions.com/l/gu10-opbouwspot-armatuur-dun%28200x%29-A1-47176-292
Retail en Office,Papatya X-Treme Vergaderstoel (70x),Eindhoven,NL,70,290.00,345.10,Vergaderstoel,102.85,59,7199.50,6854.40,20.86,laag,verkoopwaarde/stuk is 21x de kostprijs/stuk -- onwaarschijnlijk hoog,EUR39 stapelbare design vergaderstoelen - metaal/hout (30 stuks) | EUR25 Vergaderstoel zwart/grijs gebruikt | EUR18 Vergaderstoel zwart/wit gebruikt,https://www.troostwijkauctions.com/l/papatya-x-treme-vergaderstoel-%2870x%29-A1-48967-238
Bouw en grondverzet,Hydraulische grijper,Balen,BE,1,380.00,452.20,Hydraulische grijper,5950.00,17,5950.00,5497.80,13.16,hoog,,EUR37500 Takeuschi TB 290 | EUR3500 Kinshofer Hout grijper Hout Grijper | EUR4550 NIEUWE minigraver 1Ton! STUNTPRIJS.,https://www.troostwijkauctions.com/l/hydraulische-grijper-A1-49150-31
Huishoudelijke apparatuur,Marshalls - Total clean 1L (425x),Horst,NL,425,300.00,357.00,clean 1L,12.50,15,5312.50,4955.50,14.88,hoog,,EUR12 Histor Monodek Clean Muurverf Mat Mengkleur 1L | EUR70 Sigma en Sikkens verven NIEUW | EUR12 Histor Monodek Clean Muurverf Mat Wit 1L,https://www.troostwijkauctions.com/l/marshalls-total-clean-1l-%28425x%29-A1-47595-555
Wonen & slapen,1 meter Rail 1 fase 2 draden met doorverbinder(100x),Puurs,BE,100,400.00,476.00,Rail 1 fase 2 draden doorverbinder,49.00,8,4900.00,4424.00,10.29,hoog,,EUR49 Veiling - 8x 1 meter Rail voor 1 fase 2 draden railsystem + | EUR38 Veiling - 6x 1 meter Rail voor 1 fase 2 draden railsystem + | EUR60 Veiling - 10x 1 meter Rail voor 1 fase 2 draden railsystem +,https://www.troostwijkauctions.com/l/1-meter-rail-1-fase-2-draden-met-doorverbinder%28100x%29-A1-47176-189
"Kleding, schoenen, accessoires",Snickers/Dunderdon Werkshirts (120x),Tessenderlo,BE,120,225.00,267.75,Werkshirts,35.00,3,4200.00,3932.25,15.69,laag,weinig 2dehands-resultaten (n=3); verkoopwaarde/stuk is 16x de kostprijs/stuk -- onwaarschijnlijk hoog,"EUR6 2x witte T-shirts XXL nieuw!– Van Leeuwen, bedrukking op rug | EUR50 Werkhemden met lange mouwen | EUR35 Lage werkschoenen maat 39 van student (nieuwprijs 71 euro)",https://www.troostwijkauctions.com/l/snickers-dunderdon-werkshirts-%28120x%29-A1-49062-83
Schoonheid en gezondheid,WORLD SENSES - Dames & Heren - EAU de Parfum (75x),Someren,NL,75,40.00,47.60,EAU de Parfum,50.00,56,3750.00,3702.40,78.78,laag,verkoopwaarde/stuk is 79x de kostprijs/stuk -- onwaarschijnlijk hoog,EUR105 Yves saint laurent y eau de parfum 200ml | EUR45 eau de parfum. GIORGIO ARMANI | EUR95 Paco rabanne Invictus legend eau de parfum 100ml,https://www.troostwijkauctions.com/l/world-senses-dames-heren-eau-de-parfum-%2875x%29-A1-43669-166
Sport & vrije tijd,Yamaha Golfkar,Balen,BE,1,210.00,249.90,Golfkar,3900.00,46,3900.00,3650.10,15.61,laag,verkoopwaarde/stuk is 16x de kostprijs/stuk -- onwaarschijnlijk hoog,EUR4950 Clubcar Tempo 4 persoons golfkar (bj 2022) | EUR5450 Clubcar Tempo golfkar met laadbak NIEUWE ACCUSET (bj 2020) | EUR4950 Clubcar Tempo golfkar met laadbak (bj 2022),https://www.troostwijkauctions.com/l/yamaha-golfkar-A1-49150-1200
Evenementen,Decor motorboot,Valkenburg,NL,1,300.00,357.00,motorboot,3999.00,37,3999.00,3642.00,11.20,hoog,,EUR42800 Regal 2250 Sport Cuddy | EUR62000 Motorboot -Chaparral Signature 280 | EUR269000 Formula 45 Yacht – 2009 | Fully Refit in 2025,https://www.troostwijkauctions.com/l/decor-motorboot-A1-49013-2
Sport & vrije tijd,Yamaha Drive2 Electric Golfkar,Moergestel,NL,1,420.00,499.80,Electric Golfkar,3950.00,21,3950.00,3450.20,7.90,hoog,,EUR1550 golfkar EZGO | EUR5450 Clubcar Tempo golfkar met laadbak NIEUWE ACCUSET (bj 2020) | EUR4950 Clubcar Tempo 4 persoons golfkar (bj 2022),https://www.troostwijkauctions.com/l/yamaha-drive2-electric-golfkar-A1-47411-6
Keuken,Nick - Keuken inclusief apparatuur,Someren,NL,1,315.00,374.85,Keuken inclusief apparatuur,3499.00,58,3499.00,3124.15,9.33,hoog,,EUR599 PRACHTIGE KEUKENS +APPARATUUR BIJ TWEEDEHANDSKEUKENSWINKEL | EUR195 Bosch onderbouw vaatwasser | EUR2899 Nette Hoogglans Witte Hoekkeuken + Apparatuur GEDEMONTEERD,https://www.troostwijkauctions.com/l/nick-keuken-inclusief-apparatuur-A1-43669-37
Tuin en terras,"Daewoo - DAW4000E-3 - Hogedrukreiniger 4000W 200Bar
",Horst,NL,1,375.00,446.25,Hogedrukreiniger 200Bar,3500.00,8,3500.00,3053.75,7.84,hoog,,"EUR600 Hogedrukreiniger | EUR12000 Mobiele hogedrukreiniger Fuel Proof Bowser Washer 200Bar | EUR180 OHV nieuw Benzine-hogedrukreiniger, 7 pk,200bar tuinopper",https://www.troostwijkauctions.com/l/daewoo-daw4000e-3-hogedrukreiniger-4000w-200bar-A1-47596-163
"Kleding, schoenen, accessoires",Snickers Werkbroeken (47x),Tessenderlo,BE,47,190.00,226.10,Snickers Werkbroeken,60.00,52,2820.00,2593.90,12.47,hoog,,EUR75 Snickers werkbroek model 6247 | EUR45 Werkbroek Snickers | EUR40 Snickers werkbroek kind,https://www.troostwijkauctions.com/l/snickers-werkbroeken-%2847x%29-A1-49062-106
Hernieuwbare energie,SolarEdge - SE5k - Omvormers (5x),Boxmeer,NL,5,400.00,476.00,SolarEdge SE5k Omvormers,500.00,6,2500.00,2024.00,5.25,laag,weinig 2dehands-resultaten (n=6),EUR550 SolarEdge SE5K omvormer — 5 kW — Functioneel | EUR250 Solaredge omvormer SE5K + optimizers + modbus | EUR175 SolarEdge omvormer SE5k-10K. Nieuw. Weg is Weg,https://www.troostwijkauctions.com/l/solaredge-se5k-omvormers-%285x%29-A1-46371-2002
Meer industriële categorieën,RTE - 2026 - PGN7.5E - aggregaat 230/400V,Horst,NL,1,400.00,476.00,aggregaat 230,2463.00,56,2463.00,1987.00,5.17,hoog,,EUR799 Honda Generator 1000w eu10i inverter noodstroom aggregaat ko | EUR1595 BTP Actie Diesel generator Silent aggregaat generatorset noo | EUR950 Veiling - Ford diesel aggregaat 230-400V FDT10200SE,https://www.troostwijkauctions.com/l/rte-2026-pgn7-5e-aggregaat-230-400v-A1-47592-277
"Kleding, schoenen, accessoires",Snickers Werkbroeken (40x),Tessenderlo,BE,40,410.00,487.90,Snickers Werkbroeken,60.00,52,2400.00,1912.10,4.92,hoog,,EUR75 Snickers werkbroek model 6247 | EUR40 Snickers werkbroek kind | EUR45 Werkbroek Snickers,https://www.troostwijkauctions.com/l/snickers-werkbroeken-%2840x%29-A1-49062-101
Installatiemateriaal,diverse aansluitstekkers (28x),Boxmeer,NL,28,50.00,59.50,aansluitstekkers,67.70,58,1895.60,1836.10,31.86,laag,verkoopwaarde/stuk is 32x de kostprijs/stuk -- onwaarschijnlijk hoog,EUR5 COB LED Strip 220V - Aansluitstekker | EUR5 LED Strip 220V Enkele Kleuren Aansluitstekker | EUR5 LED Strip 220V Enkele Kleuren Aansluitstekker,https://www.troostwijkauctions.com/l/diverse-aansluitstekkers-%2828x%29-A1-46371-851
Wonen & slapen,Staande tuinlamp 68cm GU10 fitting waterdicht(16x),Puurs,BE,16,420.00,499.80,Staande tuinlamp GU10 fitting waterdicht,142.50,10,2280.00,1780.20,4.56,hoog,,EUR295 Veiling - 16x Staande tuinlamp 60cm GU10 fitting zwart water | EUR81 Veiling - 4x Staande tuinlamp 60cm GU10 fitting zwart waterd | EUR325 Veiling - 12x Staande tuinlamp 68cm GU10 fitting zwart water,https://www.troostwijkauctions.com/l/staande-tuinlamp-68cm-gu10-fitting-waterdicht%2816x%29-A1-47176-70
Bulkhandel,Kids Towel Poncho (125x),Someren,NL,125,191.00,227.29,Poncho,15.00,50,1875.00,1647.71,8.25,hoog,,EUR15 Leuke poncho. .Made in Italy!!!!Nieuw!! | EUR25 poncho in konijnenpels | EUR3 kinderponcho Fiep Westendorp,https://www.troostwijkauctions.com/l/kids-towel-poncho-%28125x%29-A1-43669-299
Sport & vrije tijd,Piaggio - Snorscooter - Fly 4T - Scooter (2x),Maasmechelen,BE,2,350.00,416.50,Fly 4T Scooter,1000.00,5,2000.00,1583.50,4.80,laag,weinig 2dehands-resultaten (n=5),EUR40 voorvork Piaggio FLY 125cc / 50cc | EUR1000 Piaggio fly b klasse 4t | EUR10 Piaggio  KIckstart Rondsel,https://www.troostwijkauctions.com/l/piaggio-snorscooter-fly-4t-scooter-%282x%29-A3-46184-5508
Meer industriële categorieën,Daewoo DDAE10500DSE-3G diesel - Noodstroomaggregaat,Wijchen,NL,1,390.00,464.10,diesel Noodstroomaggregaat,1999.95,15,1999.95,1535.85,4.31,hoog,,"EUR1000 stroomgroep/generator Diesel 8500w 10,5kva nieuw gratis Bezo | EUR1500 stroomgroep/generator Diesel 12500w 15,4kva nieuw+Garantie | EUR4100 Veiling - RTE noodstroom-aggregaat 35kVa diesel",https://www.troostwijkauctions.com/l/daewoo-ddae10500dse-3g-diesel-noodstroomaggregaat-A1-40297-136
Wonen & slapen,2 meter Rail 1 fase 2 draden met doorverbinder(40x),Puurs,BE,40,400.00,476.00,Rail 1 fase 2 draden doorverbinder,49.00,8,1960.00,1484.00,4.12,hoog,,EUR49 Veiling - 8x 1 meter Rail voor 1 fase 2 draden railsystem + | EUR38 Veiling - 6x 1 meter Rail voor 1 fase 2 draden railsystem + | EUR60 Veiling - 10x 1 meter Rail voor 1 fase 2 draden railsystem +,https://www.troostwijkauctions.com/l/2-meter-rail-1-fase-2-draden-met-doorverbinder%2840x%29-A1-47176-196
"Kleding, schoenen, accessoires",Snickers Werkbroeken (32x),Tessenderlo,BE,32,395.00,470.05,Snickers Werkbroeken,60.00,52,1920.00,1449.95,4.08,hoog,,EUR75 Snickers werkbroek model 6247 | EUR40 Snickers werkbroek kind | EUR45 Werkbroek Snickers,https://www.troostwijkauctions.com/l/snickers-werkbroeken-%2832x%29-A1-49062-100
"Kleding, schoenen, accessoires",Snickers Werkbroeken (29x),Tessenderlo,BE,29,355.00,422.45,Snickers Werkbroeken,60.00,52,1740.00,1317.55,4.12,hoog,,EUR75 Snickers werkbroek model 6247 | EUR40 Snickers werkbroek kind | EUR60 Werkbroeken,https://www.troostwijkauctions.com/l/snickers-werkbroeken-%2829x%29-A1-49062-107
Evenementen,Materiaallift,Deurne,NL,1,370.00,440.30,Materiaallift,1750.00,9,1750.00,1309.70,3.97,hoog,,EUR9995 Paus 18 WH verhuislift – 18m | EUR1950 Genie SLC-24 Materiaallift kanaallift (bj 2013) | EUR2500 Guil Torro 551// Materiaallift,https://www.troostwijkauctions.com/l/materiaallift-A1-49266-18
Sport & vrije tijd,DTS - Snorscooter - Milano S - Scooter,Maasmechelen,BE,1,400.00,476.00,S Scooter,1774.50,60,1774.50,1298.50,3.73,hoog,,EUR2250 kimco 300 i 6636 km bouwjaar 2020 ABS GOEDE STAAT WEINIG KM | EUR2600 Zones 125 — Onberispelijke staat — 10.315 km — B-licentie | EUR2650 Mooie rode Vespa Gts 125 ie  in prima staat!,https://www.troostwijkauctions.com/l/dts-snorscooter-milano-s-scooter-A3-46184-5509
Huishoudelijke apparatuur,Afvalemmer (33x),Horst,NL,33,300.00,357.00,Afvalemmer,50.00,54,1650.00,1293.00,4.62,hoog,,EUR20 Inbouw afvalemmer keuken Hailo | EUR20500 HOBBY On Tour 390 SF | EUR24990 HOBBY On Tour 460 DL,https://www.troostwijkauctions.com/l/afvalemmer-%2833x%29-A1-47593-2455
Transport en logistiek,Fiat - 2010 - Punto - Auto,Wegnez,BE,1,420.00,499.80,Fiat Punto,1750.00,54,1750.00,1250.20,3.50,hoog,,EUR300 FIAT PUNTO export/onderdelen | EUR1500 Fiat Punto 1.4 Grande 5-Deurs airco abs dealer onderhouden | EUR5990 Fiat punto 1.4i•Lounge•2016•airco•Navi•Garantie 12 maanden!,https://www.troostwijkauctions.com/l/fiat-2010-punto-auto-A3-46184-31023
Transport en logistiek,Velopro - City bike - Elektrische fiets - Nieuw,Merksem,BE,1,409.00,486.71,bike Elektrische fiets,1699.00,54,1699.00,1212.29,3.49,hoog,,EUR650 Feit electro bike | EUR349 Atera Strada Sport M2 - 2x E-Bike - Inklapbaar - Max. 60 kg | EUR1600 Scott Sub Sport Eride 20 maat Small 625Wh,https://www.troostwijkauctions.com/l/velopro-city-bike-elektrische-fiets-nieuw-A3-46184-20017
Transport en logistiek,Pixar - City bike - Elektrische fiets - Nieuw,Merksem,BE,1,409.00,486.71,bike Elektrische fiets,1699.00,54,1699.00,1212.29,3.49,hoog,,EUR650 Feit electro bike | EUR349 Atera Strada Sport M2 - 2x E-Bike - Inklapbaar - Max. 60 kg | EUR1600 Scott Sub Sport Eride 20 maat Small 625Wh,https://www.troostwijkauctions.com/l/pixar-city-bike-elektrische-fiets-nieuw-A3-46184-20004
Voedingsmiddelenindustrie,Ascobloc IEF 144 Inbouw friteuse,Milsbeek,NL,1,350.00,416.50,Inbouw friteuse,1595.00,6,1595.00,1178.50,3.83,laag,weinig 2dehands-resultaten (n=6),"EUR250 Friteuse inbouw Smeg,2200 w,3-4 liter | EUR14906 BAKWAND FRITEUSE SMOUTEBOLLEN DOLPHIN VISBAKOVEN PAN-2X45 | EUR300 Miele inbouwfriteuse",https://www.troostwijkauctions.com/l/ascobloc-ief-144-inbouw-friteuse-A1-41672-248
Transport en logistiek,RTE 5853 - Hoogheffende palletwagen 1000kg,Horst,NL,1,400.00,476.00,palletwagen,1625.00,58,1625.00,1149.00,3.41,hoog,,EUR2500 Toyota lwe 180 | EUR2250 Toyota Hwe 100 electrische stapelaar | EUR2250 Toyota swe 140l electrische stapelaar.,https://www.troostwijkauctions.com/l/rte-5853-hoogheffende-palletwagen-1000kg-A1-47593-5212
Sport & vrije tijd,AGM - Snorscooter - SP50 - Scooter,Maasmechelen,BE,1,350.00,416.50,Scooter,1399.00,55,1399.00,982.50,3.36,hoog,,EUR1750 electriche fiets te koop | EUR725 AGM VX50 Sport 50cc klasse A 4 takt 2017 - 15.521 km | EUR4999 Vespa vnb125,https://www.troostwijkauctions.com/l/agm-snorscooter-sp50-scooter-A3-46184-5449
Sport & vrije tijd,Piaggio - Bromscooter - Zip SP Look - Scooter,Loon op Zand,NL,1,230.00,273.70,Look Scooter,1225.00,60,1225.00,951.30,4.48,hoog,,"EUR1400 SYM 125cc GTS EVO-SCOOTER | EUR1450 Peugeot Kisbee Black Edition 50cc klasse A 2020 - 5.943 km | EUR1650 Piaggio Zip ""Matt Army Green"" 50cc klasse A 2017 - 15.013 km",https://www.troostwijkauctions.com/l/piaggio-bromscooter-zip-sp-look-scooter-A1-39746-212
Evenementen,Cameo LUXIS FC Full Color LED PAR (4x),Valkenburg,NL,4,251.00,298.69,Color LED PAR,307.50,60,1230.00,931.31,4.12,hoog,,EUR27995 518DA 2.0 Exclusive BMW Color-Camera-Ambiance-Leder-Virtual | EUR10 Barndoor voor Mini color 7TC LED Mini Par | EUR319 PHARES LED 3D ANGEL EYE POUR BMW X5 99-03 FOND NOIR,https://www.troostwijkauctions.com/l/cameo-luxis-fc-full-color-led-par-%284x%29-A1-49013-219
Bouw en grondverzet,RTE - 2026 - 5651 - 200L mobiele dieseltank 12v,Horst,NL,1,350.00,416.50,mobiele dieseltank,1295.00,50,1295.00,878.50,3.11,hoog,,EUR1115 Dieseltank mobiel TM 440 liter + 12v pomp | EUR600 Nieuwe Mobiele Dieseltank / dieselpomp 12v | EUR3375 Dieseltank mobiel Fuel Box 950 liter + 12/24v pomp,https://www.troostwijkauctions.com/l/rte-2026-5651-200l-mobiele-dieseltank-12v-A1-47592-162
Bouw en grondverzet,RTE - 5651 - 200L mobiele dieseltank 12v,Horst,NL,1,350.00,416.50,mobiele dieseltank,1295.00,50,1295.00,878.50,3.11,hoog,,EUR1115 Dieseltank mobiel TM 440 liter + 12v pomp | EUR600 Nieuwe Mobiele Dieseltank / dieselpomp 12v | EUR3375 Dieseltank mobiel Fuel Box 950 liter + 12/24v pomp,https://www.troostwijkauctions.com/l/rte-5651-200l-mobiele-dieseltank-12v-A1-47594-509
Meer industriële categorieën,RTE 6124 Mobiele ad blue tank 200L,Horst,NL,1,375.00,446.25,tank 200L,1297.00,18,1297.00,850.75,2.91,hoog,,EUR350 Occ hydraulische tank 200L + bedieningsventiel + s | EUR450 Veiling - RTE 200L mobiele AdBlue tank met 12V pomp | EUR450 Adbleu tank 200l,https://www.troostwijkauctions.com/l/rte-6124-mobiele-ad-blue-tank-200l-A1-47592-155
Bouw en grondverzet,RTE - 2025 - 5651 - 200L mobiele dieseltank 12v,Horst,NL,1,350.00,416.50,mobiele dieseltank,1245.00,50,1245.00,828.50,2.99,hoog,,EUR1115 Dieseltank mobiel TM 440 liter + 12v pomp | EUR600 Nieuwe Mobiele Dieseltank / dieselpomp 12v | EUR3375 Dieseltank mobiel Fuel Box 950 liter + 12/24v pomp,https://www.troostwijkauctions.com/l/rte-2025-5651-200l-mobiele-dieseltank-12v-A1-47596-4924
"Kleding, schoenen, accessoires",Snickers/Dunderdon Shorts Werkbroeken (60x),Tessenderlo,BE,60,330.00,392.70,Shorts Werkbroeken,20.00,11,1200.00,807.30,3.06,hoog,,EUR15 Werkbroeken en shorts heren ( nieuw) | EUR75 Blaklader short Werkbroek | EUR100 Werkbroek blaklader zwart  maat 52 short,https://www.troostwijkauctions.com/l/snickers-dunderdon-shorts-werkbroeken-%2860x%29-A1-49062-99
Houtbewerking,Vlakbank,Geetbets,BE,1,350.00,416.50,Vlakbank,1200.00,42,1200.00,783.50,2.88,hoog,,EUR820 TT Triple Comfort TT260 Vlakbank / Vandiktebank | EUR1000 vlakbank 50 cm breed 4 messen 380 volt | EUR386 Beveiliging voor vlakbank VS 500,https://www.troostwijkauctions.com/l/vlakbank-A3-46182-5055
Bouw en grondverzet,Matte muur- en plafondverf - 11 liter - wit (40x),Helmond,NL,40,375.00,446.25,muur plafondverf wit,30.00,7,1200.00,753.75,2.69,laag,weinig 2dehands-resultaten (n=7),EUR150 Sikkens muur en plafondverf | EUR5 Verf | EUR20 Veiling - 20x Matte muur- en plafondverf - 11 ltr - wit,https://www.troostwijkauctions.com/l/matte-muur-en-plafondverf-11-liter-wit-%2840x%29-A1-45089-1265
Garage inventaris,Stahlgruppe SG11 Gereedschapswagen 258 delig,Horst,NL,1,325.00,386.75,Gereedschapswagen 258 delig,1110.12,6,1110.12,723.38,2.87,laag,weinig 2dehands-resultaten (n=6),EUR750 Gereedschapswagen gevuld 258 delig | EUR1470 Force Gereedschapswagen 258 delig gevuld | EUR350 Veiling - Stahlgruppe gereedschapswagen 258-delig verrijdbaa,https://www.troostwijkauctions.com/l/stahlgruppe-sg11-gereedschapswagen-258-delig-A1-47592-165
Garage inventaris,"Stahlgruppe SG11 Gereedschapswagen 258 delig
",Horst,NL,1,325.00,386.75,Gereedschapswagen 258 delig,1110.12,6,1110.12,723.38,2.87,laag,weinig 2dehands-resultaten (n=6),EUR750 Gereedschapswagen gevuld 258 delig | EUR1470 Force Gereedschapswagen 258 delig gevuld | EUR350 Veiling - Stahlgruppe gereedschapswagen 258-delig verrijdbaa,https://www.troostwijkauctions.com/l/stahlgruppe-sg11-gereedschapswagen-258-delig-A1-47596-156
Houtbewerking,Schröder Pennenbank,Beringe,NL,1,200.00,238.00,Pennenbank,942.00,13,942.00,704.00,3.96,hoog,,EUR200 pennenbank | EUR325 Pennenbank Danckaert | EUR1000 pennenbank vertongen,https://www.troostwijkauctions.com/l/schroder-pennenbank-A1-48826-18
Garage inventaris,"Stahlgruppe SG11 Gereedschapswagen 258 delig
",Horst,NL,1,350.00,416.50,Gereedschapswagen 258 delig,1110.12,6,1110.12,693.62,2.67,laag,weinig 2dehands-resultaten (n=6),EUR750 Gereedschapswagen gevuld 258 delig | EUR1470 Force Gereedschapswagen 258 delig gevuld | EUR350 Veiling - Stahlgruppe gereedschapswagen 258-delig verrijdbaa,https://www.troostwijkauctions.com/l/stahlgruppe-sg11-gereedschapswagen-258-delig-A1-47593-5078
Houtbewerking,2023 Balfor A7 VOR 350 EM professionele electrische houtklover 7 TON- nieuw,DUFFEL,BE,1,260.00,309.40,electrische houtklover,968.00,9,968.00,658.60,3.13,hoog,,EUR1446 BTP Houtklover Actie Krachtstroom 22ton 380V horizontale klo | EUR472 Elektrische houtklover 7 ton horizontaal | EUR349 ALCO Al-ko houtklover 4ton houtkliever kloofmachine compacte,https://www.troostwijkauctions.com/l/2023-balfor-a7-vor-350-em-professionele-electrische-houtklover-7-ton-nieuw-A3-46181-10175
Catering en Horeca,Magnos HKMN057-MS RVS koelkast,Milsbeek,NL,1,400.00,476.00,RVS koelkast,1095.00,54,1095.00,619.00,2.30,hoog,,EUR59950 Boarncruiser 1000 - 1998 | EUR2072 Koelkast - 1200 L - 6 Verstelbare Roosters (2/1 GN) - Rvs - | EUR2493 Koelkast - 1200 L - 6 Verstelbare Roosters (2/1 GN) - Rvs -,https://www.troostwijkauctions.com/l/magnos-hkmn057-ms-rvs-koelkast-A1-41672-150
Bulkhandel,Partij diverse bouwstempels (21x),Deurne,NL,21,250.00,297.50,bouwstempels,40.00,45,840.00,542.50,2.82,hoog,,EUR140 Bouwstempels | EUR200 Renovatieschoor bouwstempel | EUR110 7 stippen stutten bouwstempels stempels en 3 balkklemmen,https://www.troostwijkauctions.com/l/partij-diverse-bouwstempels-%2821x%29-A1-49266-8
Catering en Horeca,2016 Metos BN0202 Koelwerkbank,Milsbeek,NL,1,400.00,476.00,Koelwerkbank,999.00,56,999.00,523.00,2.10,hoog,,EUR999 Koelwerkbank met 3 deuren - 417 liter | EUR845 Koelwerkbank met 2 deuren - 260 liter | EUR1199 Koelwerkbank met 4 deuren - 550 liter - Energiezuining,https://www.troostwijkauctions.com/l/2016-metos-bn0202-koelwerkbank-A1-41672-71
Baby's en kinderen,Judy wild Kindermeubel met 9 lades (4x),Etten-Leur,NL,4,55.00,65.45,9 lades,139.50,56,558.00,492.55,8.53,hoog,,"EUR400 XXL Gereedschapskar 9 laden VOL + Gratis momentsleutel | EUR110 Nachtkastje (2) - Kersenhout - Merisier-stijl Louis XV | EUR300 6 stalen lades voor bv werkbank, volledig uittrekbare lades",https://www.troostwijkauctions.com/l/judy-wild-kindermeubel-met-9-lades-%284x%29-A1-42526-10
Houtbewerking,Mabo Special langbandschuurmachine - werkbreedte 2700mm,Berlaar,BE,1,350.00,416.50,werkbreedte,899.00,31,899.00,482.50,2.16,hoog,,EUR9990 DIEPWOELER TERNINATOR | EUR6200 DEMO-FREES  TOSCANO | EUR619 PRO-22 V1 Benzine Veegmachine,https://www.troostwijkauctions.com/l/mabo-special-langbandschuurmachine-werkbreedte-2700mm-A3-46182-10458
Sanitair en wellness,Natuursteen Light Travertin Wastafel 70x46x10 cm,Dessel,BE,1,300.00,357.00,Travertin Wastafel,839.00,9,839.00,482.00,2.35,hoog,,EUR1299 Badmeubelset Riga Travertin met Wastafel 120 cm Bruin Eiken | EUR363 Sanifun Waskom Drina travertin vierkant | EUR100 Travertin handwasbakje (nieuw),https://www.troostwijkauctions.com/l/natuursteen-light-travertin-wastafel-70x46x10-cm-A1-49037-66
Meer industriële categorieën,2012 Hako-Jonas 1500D Zelfrijdende veegmachine (69002-7),Wilrijk,BE,1,410.00,487.90,veegmachine,969.00,41,969.00,481.10,1.99,hoog,,EUR110 karcher veegborstel | EUR2250 Honda Honda frontsweep veegmachine | EUR619 PRO-22 V1 Benzine Veegmachine,https://www.troostwijkauctions.com/l/2012-hako-jonas-1500d-zelfrijdende-veegmachine-%2869002-7%29-A1-49133-982
Schoonheid en gezondheid,AMANDO - IDENTITY - Heren - After Shave Spray (85x),Someren,NL,85,40.00,47.60,Shave Spray,6.00,5,510.00,462.40,10.71,laag,weinig 2dehands-resultaten (n=5),EUR6 Veiling - 2x AMANDO IDENTITY - After Shave Spray | EUR6 Veiling - 2x AMANDO IDENTITY - After Shave Spray | EUR10 Vintage Van Gils After Shave,https://www.troostwijkauctions.com/l/amando-identity-heren-after-shave-spray-%2885x%29-A1-43669-245
Retail en Office,Archiefkasten 120x43x198cm (4x),Deurne,NL,4,290.00,345.10,Archiefkasten,199.65,50,798.60,453.50,2.31,hoog,,EUR100 Roldeurkasten dossierkasten H 160 x B 120 x D 45 | EUR295 Nieuwe Roldeurkasten 195 x 120 x 47 cm | EUR100 Hoge en halfhoge draaideurkasten Hout,https://www.troostwijkauctions.com/l/archiefkasten-120x43x198cm-%284x%29-A1-49266-94
Voedingsmiddelenindustrie,Metos Dubbele friteuse,Milsbeek,NL,1,350.00,416.50,Dubbele friteuse,850.00,58,850.00,433.50,2.04,hoog,,EUR40000 Borco Foodtrailer met 1 klep ref. 38286 | EUR1475 Dubbele Gas Friteuse | EUR16530 Professionele foodtruck,https://www.troostwijkauctions.com/l/metos-dubbele-friteuse-A1-41672-194
Elektronica,Grundig - Bluetooth - hoofdtelefoon (48x),Etten-Leur,NL,48,225.00,267.75,Grundig Bluetooth hoofdtelefoon,14.00,14,672.00,404.25,2.51,hoog,,EUR12 Veiling - Grundig Draadloze Bluetooth In Ear Oordopjes | EUR12 Veiling - Grundig Draadloze Bluetooth In Ear Oordopjes | EUR6 Veiling - Grundig Draadloze Bluetooth In Ear Oordopjes,https://www.troostwijkauctions.com/l/grundig-bluetooth-hoofdtelefoon-%2848x%29-A1-42526-124
Retail en Office,C+P resito - Lockerkast 10 deurtjes (2x),Horst,NL,2,200.00,238.00,10 deurtjes,320.00,50,640.00,402.00,2.69,hoog,,"EUR200 aluminium voorfronten met Deurtje | EUR350 Uniek zwart Chinees lakkastje, mooi versierd ,met 2 deurtjes | EUR1077 Barkoeler - 3 Schuifdeuren - 6 Verstelbare Roosters",https://www.troostwijkauctions.com/l/c%2Bp-resito-lockerkast-10-deurtjes-%282x%29-A1-47593-802
Transport en logistiek,Qwic Premium elektrische damesfiets middenmotor dames fiets,Loon op Zand,NL,1,420.00,499.80,middenmotor dames fiets,900.00,58,900.00,400.20,1.80,hoog,,EUR785 Elektrische fiets Winora (Yamaha motor) – 400Wh batterij | EUR420 Elektrische damesfiets flyer | EUR1600 Trek Dames fiets,https://www.troostwijkauctions.com/l/qwic-premium-elektrische-damesfiets-middenmotor-dames-fiets-A1-39746-120
Catering en Horeca,2025 Saro ES 900G Saladette,Milsbeek,NL,1,400.00,476.00,Saladette,874.14,48,874.14,398.14,1.84,hoog,,"EUR2749 Luxe Saladette met Graniet, Glas &amp; led – Gekoelde Onderb | EUR850 promo saladette teller apd 850eur | EUR495 RVS Koelwerkbank, Saladette met 7 lades en een trekdeur,",https://www.troostwijkauctions.com/l/2025-saro-es-900g-saladette-A1-41672-148
Hernieuwbare energie,SolarEdge - SE4k - Omvormers (5x),Boxmeer,NL,5,300.00,357.00,Omvormers,150.00,46,750.00,393.00,2.10,hoog,,EUR395 Omvormer zonnepanelen | EUR2 Solar BK – Alles voor zonnepanelen & montage! | EUR1979 Zonnepanelen pakket voor platdak - 5.6 kW - 8x 700,https://www.troostwijkauctions.com/l/solaredge-se4k-omvormers-%285x%29-A1-46371-1994
Retail en Office,Zebra ZT411 Labelprinter,Geleen,NL,1,220.00,261.80,Zebra ZT411 Labelprinter,647.00,6,647.00,385.20,2.47,laag,weinig 2dehands-resultaten (n=6),EUR319 Zebra ZT410 / ZT411 Printkop - New | EUR845 Zebra ZT411 Thermal Transfer Label Printer CUTTER - 200dpi | EUR599 Zebra ZT411 Thermal Label Printer  LAN + USB + Peel 203,https://www.troostwijkauctions.com/l/zebra-zt411-labelprinter-A1-49152-31
Retail en Office,"Archiefkasten 120x45x197,5cm (3x)",Deurne,NL,3,200.00,238.00,Archiefkasten,199.65,50,598.95,360.95,2.52,hoog,,EUR100 Roldeurkasten dossierkasten H 160 x B 120 x D 45 | EUR295 Nieuwe Roldeurkasten 195 x 120 x 47 cm | EUR100 Hoge en halfhoge draaideurkasten Hout,https://www.troostwijkauctions.com/l/archiefkasten-120x45x197-5cm-%283x%29-A1-49266-91
Keuken,RVS Spoelbak kast,Genk,BE,1,395.00,470.05,RVS Spoelbak kast,818.00,26,818.00,347.95,1.74,hoog,,EUR779 Spoeltafel | RVS | 2 Spoelbakken (Rechts) + Afdruipvlak | | EUR889 Spoeltafel | RVS | 2 Spoelbakken (Rechts) + Afdruipvlak | | EUR19950 Airstream foodtruck,https://www.troostwijkauctions.com/l/rvs-spoelbak-kast-A1-49377-26
Metaalbewerking,Daewoo - 2025 - DWCUT60 - Plasmasnijmachine,Horst,NL,1,275.00,327.25,Plasmasnijmachine,660.00,5,660.00,332.75,2.02,laag,weinig 2dehands-resultaten (n=5),EUR330 Veiling -  Daewoo plasmasnijmachine DWCUT-60 | EUR2000 POWERTHERM 120 PLASMASNIJMACHINE 000071 | EUR220 Veiling - Daewoo plasmasnijmachine DWCUT-40,https://www.troostwijkauctions.com/l/daewoo-2025-dwcut60-plasmasnijmachine-A1-47592-181
Agrarisch,Deutz-Fahr KS 100 DN Grasoogstmachine - Hooikeerder,Lubbeek,BE,1,370.00,440.30,Hooikeerder,750.00,38,750.00,309.70,1.70,hoog,,EUR500 hooikeerder | EUR175 HOOIKEERDER | EUR5999 Kraffter Schudder / Hooikeerder 5.2m 4 rotors,https://www.troostwijkauctions.com/l/deutz-fahr-ks-100-dn-grasoogstmachine-hooikeerder-A3-46181-17285
Metaalbewerking,Daewoo - 2024 - DWCUT60 - Plasmasnijmachine,Horst,NL,1,300.00,357.00,Plasmasnijmachine,660.00,5,660.00,303.00,1.85,laag,weinig 2dehands-resultaten (n=5),EUR330 Veiling -  Daewoo plasmasnijmachine DWCUT-60 | EUR2000 POWERTHERM 120 PLASMASNIJMACHINE 000071 | EUR220 Veiling - Daewoo plasmasnijmachine DWCUT-40,https://www.troostwijkauctions.com/l/daewoo-2024-dwcut60-plasmasnijmachine-A1-47596-179
Metaalbewerking,Daewoo - 2025 - DWCUT60 - Plasmasnijmachine,Horst,NL,1,300.00,357.00,Plasmasnijmachine,660.00,5,660.00,303.00,1.85,laag,weinig 2dehands-resultaten (n=5),EUR330 Veiling -  Daewoo plasmasnijmachine DWCUT-60 | EUR2000 POWERTHERM 120 PLASMASNIJMACHINE 000071 | EUR220 Veiling - Daewoo plasmasnijmachine DWCUT-40,https://www.troostwijkauctions.com/l/daewoo-2025-dwcut60-plasmasnijmachine-A1-47598-206
Gereedschap,Gallant - 96 delig - Gereedschapskoffer (10x),Horst,NL,10,275.00,327.25,delig Gereedschapskoffer,61.48,60,614.75,287.50,1.88,hoog,,EUR52 Veiling - 171-delig gereedschapskoffer | EUR39 Gereedschapskoffer 108 delig  Nieuw | EUR35 Veiling - Gallant Tools gereedschapskoffer 146-delig GT-1001,https://www.troostwijkauctions.com/l/gallant-96-delig-gereedschapskoffer-%2810x%29-A1-47596-189
Elektronica,Apple MacBook A2338,Deurne,NL,1,170.00,202.30,MacBook A2338,475.00,2,475.00,272.70,2.35,laag,weinig 2dehands-resultaten (n=2),EUR650 MacBook Pro 13 / M1 / 16GB RAM / 256GB / Als Nieuw / Bat 91% | EUR300 Mac Book pro M1 2020 - Ecran RETINA A2338,https://www.troostwijkauctions.com/l/apple-macbook-a2338-A1-49266-134
Installatiemateriaal,Cersanit - Flush Valve (Optima) - - Spoelventiel voor toiletreservoir (13x),Drunen,NL,13,50.00,59.50,toiletreservoir,25.00,7,325.00,265.50,5.46,laag,weinig 2dehands-resultaten (n=7),"EUR27 Stortbak 3/6L Olijfgroen - Tweede kansje, OP=OP! | EUR20 Spoelbak Geberit toilet met spoelmechanisme | EUR27 Toiletstortbak Olijfgroen -46% Retour deal!",https://www.troostwijkauctions.com/l/cersanit-flush-valve-%28optima%29-spoelventiel-voor-toiletreservoir-%2813x%29-A1-49015-141
Elektronica,Electro Voice - ZX1i-90 - Speaker (6x),Roermond,NL,6,310.00,368.90,90 Speaker,100.00,54,600.00,231.10,1.63,hoog,,EUR60 BMW 5 SERIE G30 SEDAN Grijs rechts voor deur portier speaker | EUR170 JAGUAR E-PACE X540 links rechts voor speaker 2015+ JJ3218808 | EUR4999 NIEUW JACUZZI BALBOA 210x210 Led Waterval Cornerlights OP=OP,https://www.troostwijkauctions.com/l/electro-voice-zx1i-90-speaker-%286x%29-A1-49107-162
Houtbewerking,Hofmann Lintzaagmachine,Beringe,NL,1,200.00,238.00,Lintzaagmachine,465.50,12,465.50,227.50,1.96,hoog,,EUR75 zaag steun buissteun industriële uitvoering | EUR900 Lintzaagmachine meber sr600 | EUR350 Lintzaagmachine,https://www.troostwijkauctions.com/l/hofmann-lintzaagmachine-A1-48826-3
Hernieuwbare energie,SolarEdge - SE10k - Omvormer (2x),Boxmeer,NL,2,240.00,285.60,SolarEdge SE10k Omvormer,250.00,7,500.00,214.40,1.75,laag,weinig 2dehands-resultaten (n=7),"EUR250 SolarEdge SE10K Nieuw. Weg is Weg | EUR160 Omvormers voor zonnepanelen, ook voor wisselstukken | EUR750 SolarEdge SE10K SE12.5K en SE17K-BE0TEBEN4. DELTA Grid.",https://www.troostwijkauctions.com/l/solaredge-se10k-omvormer-%282x%29-A1-46371-2026
Catering en Horeca,Saro Alice 202 Koelvitrine,Milsbeek,NL,1,400.00,476.00,Koelvitrine,636.00,58,636.00,160.00,1.34,hoog,,EUR3037 Koelvitrine - 500 L - 152 cm | EUR2759 Koelvitrine - 400 L - 122 cm | EUR1125 Koelvitrine - 235 L - 52 cm - Wit,https://www.troostwijkauctions.com/l/saro-alice-202-koelvitrine-A1-41672-32
Bulkhandel,2025 Metallo Gereedschap,Meerhout,BE,1,200.00,238.00,Metallo Gereedschap,380.00,11,380.00,142.00,1.60,hoog,,EUR539 metallo gereedschapswagen XXXL 10 lades gevuld. Nieuw!!! | EUR110 Boor beitel hamer metabo | EUR34 Metallo doppenset 108 delig Chroom Vanadium Staal.,https://www.troostwijkauctions.com/l/2025-metallo-gereedschap-A3-46183-5561
Hernieuwbare energie,SolarEdge - SE3500H - Omvormer (4x),Boxmeer,NL,4,220.00,261.80,Omvormer,100.00,48,400.00,138.20,1.53,hoog,,EUR395 Omvormer zonnepanelen | EUR2 Solar BK – Alles voor zonnepanelen & montage! | EUR1979 Zonnepanelen pakket voor platdak - 5.6 kW - 8x 700,https://www.troostwijkauctions.com/l/solaredge-se3500h-omvormer-%284x%29-A1-46371-3002
Gereedschap,Ultratoolz Gereedschapswagen,Meerhout,BE,1,350.00,416.50,Ultratoolz Gereedschapswagen,550.00,23,550.00,133.50,1.32,hoog,,EUR579 Gereedschapwagen 7/8 PRO – Verticale Opberglade | EUR550 Ultratoolz Gereedschapskar 7 Lades Nieuw en Gevuld! | EUR550 NIEUW: UltraToolz Slim Compact 7/7 gevuld,https://www.troostwijkauctions.com/l/ultratoolz-gereedschapswagen-A3-46183-5502
Installatiemateriaal,Thebo hoek stopcontact,Breda,NL,1,25.00,29.75,hoek stopcontact,150.00,56,150.00,120.25,5.04,hoog,,EUR5800 Veiling - RTE kantoorunit POD house 400x230x245cm | EUR359 Unieke 3D lijnlaser incl. statief! Werkt op alle 18V accus! | EUR4400 Veiling - RTE kantoorunit POD house 300x230x245cm,https://www.troostwijkauctions.com/l/thebo-hoek-stopcontact-A1-48571-437
Huishoudelijke apparatuur,"Airco split 3,5kW - wifi - 12.000 BTU - tot 35m²",Helmond,NL,1,325.00,386.75,12.000 BTU tot,499.50,24,499.50,112.75,1.29,hoog,,"EUR400 AEG mobiele airco, model 12.000 BTU | EUR375 Mobiele Airco - 12000 BTU - als nieuw! | EUR1490 Midea PortaSplit 12.000 BTU - Mobiele Split Airco",https://www.troostwijkauctions.com/l/airco-split-3-5kw-wifi-12-000-btu-tot-35m%C2%B2-A1-45091-40
Installatiemateriaal,Schneider MTN5510-1119 Aanwezigheidsdetector,Breda,NL,1,25.00,29.75,Aanwezigheidsdetector,134.28,22,134.28,104.53,4.51,hoog,,EUR96 Plafondmontage Aanwezigheidsdetector 24M Bereik - 870480 | EUR69 LUXA 360 Graden Plafondmontage Aanwezigheidsdetector 12M | EUR69 LUXA 103 S360 Plafondmontage Aanwezigheidsdetector 12M -,https://www.troostwijkauctions.com/l/schneider-mtn5510-1119-aanwezigheidsdetector-A1-48571-171
Keuken,Gastro Hero Eco line Vaatwasser 40x40,Genk,BE,1,400.00,476.00,line Vaatwasser,569.00,58,569.00,93.00,1.20,hoog,,EUR1499 RVS Asber Premium-line Vaatwasser Vaatwasmachine met | EUR1299 RVS Asber Basic-line Vaatwasser met afvoerpomp en zeeppompen | EUR1549 RVS Asber Premium-line Vaatwasser Vaatwasmachine met,https://www.troostwijkauctions.com/l/gastro-hero-eco-line-vaatwasser-40x40-A1-49377-12
Keuken,Gastro Hero Eco line Vaatwasser,Genk,BE,1,400.00,476.00,line Vaatwasser,569.00,58,569.00,93.00,1.20,hoog,,EUR1499 RVS Asber Premium-line Vaatwasser Vaatwasmachine met | EUR1299 RVS Asber Basic-line Vaatwasser met afvoerpomp en zeeppompen | EUR1549 RVS Asber Premium-line Vaatwasser Vaatwasmachine met,https://www.troostwijkauctions.com/l/gastro-hero-eco-line-vaatwasser-A1-49377-14
Huishoudelijke apparatuur,"Airco splitunit 2,6kW – 9.000 BTU – tot 25m² – Clean Air technologie",Helmond,NL,1,300.00,357.00,Clean Air technologie,449.00,13,449.00,92.00,1.26,hoog,,EUR198 Philips -  Hetelucht Friteuse Zwart 9 L 2750 W | EUR369 Samsung WD80TA046BX - Was-droogcombinatie - 8 kg wassen - 5 | EUR30 Clean Air Optima CA-605,https://www.troostwijkauctions.com/l/airco-splitunit-2-6kw-%E2%80%93-9-000-btu-%E2%80%93-tot-25m%C2%B2-%E2%80%93-clean-air-technologie-A1-45091-59
Installatiemateriaal,Partij installatie- en signaaldraad,Eindhoven,NL,1,30.00,35.70,signaaldraad,125.00,4,125.00,89.30,3.50,laag,weinig 2dehands-resultaten (n=4),EUR220 Gardena Sileno City 600 | EUR30 Robomow RC 304 | EUR222 Phoenix Contact Overspanningsbeveiliging Voor Data/M&R -,https://www.troostwijkauctions.com/l/partij-installatie-en-signaaldraad-A1-48967-86
Boten & Jachten,Toekomstige automatisering - CHRS6-M - Maritieme Elektronica,Romsée,BE,1,100.00,119.00,Elektronica,199.00,41,199.00,80.00,1.67,hoog,,EUR375 Nikobus Complete Touchscreen Set 05-096 + 05-207 | EUR1234 Laptop met diagnose | EUR30 Transfo,https://www.troostwijkauctions.com/l/toekomstige-automatisering-chrs6-m-maritieme-elektronica-A3-46183-35004
Verwarming,Instamat Teso Designradiator met handdoekbeugel 170x25 cm antraciet,Breda,NL,1,100.00,119.00,antraciet,179.00,52,179.00,60.00,1.50,hoog,,"EUR395 Antraciet buitendraaiende buitendeur 98x200  op voorraad. | EUR434 Deur 98x210 antraciet op stock, NIEUW!!!voor schuur, garage. | EUR30 ACTIE stoel mars fermob model bistro terrasstoel NIEUW SALE!",https://www.troostwijkauctions.com/l/instamat-teso-designradiator-met-handdoekbeugel-170x25-cm-antraciet-A1-48571-714
Bouw en grondverzet,HE SA260 Opvoerveizel met bunker,Hechtel-Eksel,BE,1,350.00,416.50,bunker,472.50,56,472.50,56.00,1.13,hoog,,EUR50 Zelfbouw - Diorama Bunker 43x41cm WWII Real concrete. - | EUR4000 Scotsman ijsblokjes machine met bunker 170 KG | EUR20 Nieuwe BKR Bunker boots / Maat 41,https://www.troostwijkauctions.com/l/he-sa260-opvoerveizel-met-bunker-A1-49156-172
Sanitair en wellness,Natuursteen Marmer Grijs Dubbele Wastafel 120x40 cm,Dessel,BE,1,350.00,416.50,Grijs Dubbele Wastafel,461.47,14,461.47,44.97,1.11,hoog,,EUR443 BWS Wastafel Dubbel Hardsteen 120x46x5 cm 2 Kraangaten Mat | EUR50 Na het bad (Yokugo) – Prachtige houtsnede door Ito Shinsui - | EUR708 Vision onderkast dubbel+4 laden 120x46 houtnerf grijs,https://www.troostwijkauctions.com/l/natuursteen-marmer-grijs-dubbele-wastafel-120x40-cm-A1-49037-416
Huishoudelijke apparatuur,"Airco splitunit 3,5kW - 12.000 BTU - tot 35m² - Clean Air technologie",Helmond,NL,1,350.00,416.50,Clean Air technologie,449.00,13,449.00,32.50,1.08,hoog,,EUR198 Philips -  Hetelucht Friteuse Zwart 9 L 2750 W | EUR369 Samsung WD80TA046BX - Was-droogcombinatie - 8 kg wassen - 5 | EUR30 Clean Air Optima CA-605,https://www.troostwijkauctions.com/l/airco-splitunit-3-5kw-12-000-btu-tot-35m%C2%B2-clean-air-technologie-A1-45091-54
Huishoudelijke apparatuur,"Airco split 2,7kW - wifi - 9.200 BTU - tot 25m²",Helmond,NL,1,275.00,327.25,BTU tot,350.00,50,350.00,22.75,1.07,hoog,,EUR50 LG W09AC compacte raamairconditioner 9.000 BTU | EUR150 Mobiele airconditioner - 9000 BTU | EUR781 vidaXL Buitenkeuken Missouri 4 branders,https://www.troostwijkauctions.com/l/airco-split-2-7kw-wifi-9-200-btu-tot-25m%C2%B2-A1-45091-48
Kunst,Kroonluchters (2x),Milsbeek,NL,2,100.00,119.00,Kroonluchters,68.74,46,137.48,18.48,1.16,hoog,,"EUR350 Gubi turbo Large Luster | EUR695 2 IDENTIEKE kroonluchters met elk 5 lichtpunten | EUR64 vidaXL Kroonluchter 36,5 x 46 cm",https://www.troostwijkauctions.com/l/kroonluchters-%282x%29-A1-41672-317
Installatiemateriaal,IPS - Pallet met flexibele elektriciteits slangen,Drunen,NL,1,25.00,29.75,flexibele elektriciteits slangen,43.31,7,43.31,13.56,1.46,laag,weinig 2dehands-resultaten (n=7),EUR644 Soler & Palau Respiro 150 - Decentrale WTW Unit | EUR133 Conex Kunststof geribbelde kabelbenan - slang - 1721N [50 | EUR43 Conex Spiraalvormige Kabelbundel Slang - CG010106 [25 Meter],https://www.troostwijkauctions.com/l/ips-pallet-met-flexibele-elektriciteits-slangen-A1-49015-332
Keuken,Friteuse,Genk,BE,1,350.00,416.50,Friteuse,424.50,56,424.50,8.00,1.02,hoog,,EUR449 Elektrische friteuse tafelmodel S-POWER 12 liter + kraan | EUR299 Elektrische friteuse tafelmodel 8 liter + aftapkraan | EUR6000 Henny Penny PFE 500 elektrische drukfriteuse Computron 1000,https://www.troostwijkauctions.com/l/friteuse-A1-49377-196
Verwarming,Partij Radiatoren,Beringe,NL,1,50.00,59.50,Partij Radiatoren,55.00,34,55.00,-4.50,0.92,hoog,,"EUR250 Verticale Radson radiatoren 45,60 en 75 cm breed actie prijs | EUR40 Radiatoren | EUR100 056. Partij Stelrad Hygiene Galva radiator gegalvaniseerd",https://www.troostwijkauctions.com/l/partij-radiatoren-A1-48826-57
Elektronica,Apple Mac Mini 2023,Deurne,NL,1,205.00,243.95,Apple Mac Mini,237.50,56,237.50,-6.45,0.97,hoog,,"EUR895 Apple Mac mini (M4, 2024) + Apple Magic Keyboard Touch ID | EUR375 Mac mini 2023 | EUR340 Apple Mac mini (Apple M1) - iMac - In originele gesealde",https://www.troostwijkauctions.com/l/apple-mac-mini-2023-A1-49266-135
Gereedschap,Ultra Force Equipment - Gereedschapswagen 7 laden 258 pcs gereedschap ,Wijchen,NL,1,300.00,357.00,pcs gereedschap,350.00,38,350.00,-7.00,0.98,hoog,,EUR52 Veiling - Einhell accu tuin-multitool 18V body GE-HC 18 Li T | EUR676 vidaXL Tuinbank Set 9 pcs Beige poly rattan | EUR581 vidaXL Tuinbank Set 9 pcs Zwart poly rattan,https://www.troostwijkauctions.com/l/ultra-force-equipment-gereedschapswagen-7-laden-258-pcs-gereedschap-A1-40296-79
Verwarming,MARK Luchtverwarmer,Hechtel-Eksel,BE,1,100.00,119.00,Luchtverwarmer,107.68,54,107.68,-11.32,0.90,hoog,,EUR30 Digitaal display t.b.v. luchtverwarmer | EUR50 Occ besturingseenheid luchtverwarmer Scania 144 13 | EUR24 Draaiknopbediening t.b.v. luchtverwarmer,https://www.troostwijkauctions.com/l/mark-luchtverwarmer-A1-49156-9
Metaalbewerking,Daewoo Damig 350GDL Lasapparaat met cooler IGBT MAG-MI-TIG-MMA,Wijchen,NL,1,270.00,321.30,IGBT MMA,300.00,60,300.00,-21.30,0.93,hoog,,EUR250 TM MIG-180/LIFT TIG/MMA Lasapparaat met IGBT Technologie | EUR99 Nieuwe modellen lasapparaat MMa 300 | EUR250 Kende FLUX-120HAD MIG - MMA - TIG Lasapparaat 120A (Diverse),https://www.troostwijkauctions.com/l/daewoo-damig-350gdl-lasapparaat-met-cooler-igbt-mag-mi-tig-mma-A1-40296-73
Baby's en kinderen,Judy Wild - 151156 - Educatief (4x),Etten-Leur,NL,4,55.00,65.45,Educatief,9.00,48,36.00,-29.45,0.55,hoog,,"EUR20 vtech | EUR120 Vallardi - Uitzonderlijk grote Italiaanse schoolwandkaart | EUR155 LOKLiK iPaint – AI-Powered Painting Device, nieuwstaat",https://www.troostwijkauctions.com/l/judy-wild-151156-educatief-%284x%29-A1-42526-172
Voedingsmiddelenindustrie,Diamond G4S Gasfornuis,Milsbeek,NL,1,320.00,380.80,Gasfornuis,350.00,52,350.00,-30.80,0.92,hoog,,EUR600 GASFORNUIS EMMIPRI | EUR650 RVS Modular 6 Pits Gasfornuis 110 cm GAS Horeca | EUR900 boretti gasfornuis,https://www.troostwijkauctions.com/l/diamond-g4s-gasfornuis-A1-41672-272
Verwarming,Remeha - Toros 150 liter - RVS buffervat,Boxmeer,NL,1,250.00,297.50,buffervat,262.50,14,262.50,-35.00,0.88,hoog,,"EUR15 Buffervat 200 l | EUR80 Buffervat 100liter | EUR1000 Gelaagd buffervat Alfa EV-SPS-1000, zonder warmtewisselaar",https://www.troostwijkauctions.com/l/remeha-toros-150-liter-rvs-buffervat-A1-46371-40
Catering en Horeca,Rhima WD-7 Vaatwasmachine,Milsbeek,NL,1,420.00,499.80,7 Vaatwasmachine,462.50,60,462.50,-37.30,0.93,hoog,,EUR150 Miele Vaatwasser met afvoerpomp 400V Horeca | EUR9 IVV Firenze - Maryana Iskra - Drinkset (7) - Gratis | EUR250 Whirlpool Vaatwasser,https://www.troostwijkauctions.com/l/rhima-wd-7-vaatwasmachine-A1-41672-83
Kunst,Pennzoil - Emaillebord,Someren,NL,1,100.00,119.00,Emaillebord,81.50,24,81.50,-37.50,0.68,hoog,,EUR150 Boek La Plaque émaillée belge - Mario Baeck & Jan De Plus | EUR145 Emaillebord Palm bier | EUR98 Belgiums Original Beer Emaillebord - Stella Artois -,https://www.troostwijkauctions.com/l/pennzoil-emaillebord-A1-43669-15
Gereedschap,Ultra Force Equipment Gereedschapswagen 13 laden 298 pcs gereedschap,Wijchen,NL,1,330.00,392.70,pcs gereedschap,350.00,38,350.00,-42.70,0.89,hoog,,EUR52 Veiling - Einhell accu tuin-multitool 18V body GE-HC 18 Li T | EUR676 vidaXL Tuinbank Set 9 pcs Beige poly rattan | EUR581 vidaXL Tuinbank Set 9 pcs Zwart poly rattan,https://www.troostwijkauctions.com/l/ultra-force-equipment-gereedschapswagen-13-laden-298-pcs-gereedschap-A1-40296-89
Kunst,Benzinepomp,Someren,NL,1,100.00,119.00,Benzinepomp,69.50,58,69.50,-49.50,0.58,hoog,,EUR40 Ford fiesta ja8 benzinepomp 1.2 1.25 | EUR70 BMW E90 benzinepomp | EUR50 Ford ka+ benzinepomp 1.2 benzine,https://www.troostwijkauctions.com/l/benzinepomp-A1-43669-21
Voedingsmiddelenindustrie,Roeder G 4SA 77 Gasfornuis,Milsbeek,NL,1,350.00,416.50,Gasfornuis,350.00,52,350.00,-66.50,0.84,hoog,,EUR600 GASFORNUIS EMMIPRI | EUR650 RVS Modular 6 Pits Gasfornuis 110 cm GAS Horeca | EUR900 boretti gasfornuis,https://www.troostwijkauctions.com/l/roeder-g-4sa-77-gasfornuis-A1-41672-125
Metaalbewerking,Daewoo - DA5100-HC - Hydraulische slangen pers,Wijchen,NL,1,300.00,357.00,Hydraulische slangen pers,285.07,20,285.07,-71.93,0.80,hoog,,EUR2200 Slangenpers / Hydraulische slangen pers nu vanaf 8mm | EUR2995 Rhino Hydraulische palenrammer HPD-60 | EUR984 Kraffter hydraulische Heggenschaar 150cm / 180cm,https://www.troostwijkauctions.com/l/daewoo-da5100-hc-hydraulische-slangen-pers-A1-40298-44
Kunst,benzinepomp,Someren,NL,1,110.00,130.90,benzinepomp,50.00,54,50.00,-80.90,0.38,hoog,,EUR40 Ford fiesta ja8 benzinepomp 1.2 1.25 | EUR70 BMW E90 benzinepomp | EUR50 Ford ka+ benzinepomp 1.2 benzine,https://www.troostwijkauctions.com/l/benzinepomp-A1-43669-23
Hernieuwbare energie,SolarEdge - SE9k - Omvormer (2x),Boxmeer,NL,2,240.00,285.60,Omvormer,100.00,48,200.00,-85.60,0.70,hoog,,EUR395 Omvormer zonnepanelen | EUR2 Solar BK – Alles voor zonnepanelen & montage! | EUR1979 Zonnepanelen pakket voor platdak - 5.6 kW - 8x 700,https://www.troostwijkauctions.com/l/solaredge-se9k-omvormer-%282x%29-A1-46371-2021
Garage inventaris,Ultra Force Equipment Gereedschapswagen 12 laden 293 pcs EN Trolley 238 pcs,Wijchen,NL,1,300.00,357.00,238 pcs,270.00,11,270.00,-87.00,0.76,hoog,,EUR190 Laptop Acer Aspire A515 | EUR2200 Zonder minimumprijs - 238 pcs Diamant (Natuurlijk gekleurd) | EUR100 HP EliteDesk 800 G2 SFF + iiyama monitor – complete PC-set,https://www.troostwijkauctions.com/l/ultra-force-equipment-gereedschapswagen-12-laden-293-pcs-en-trolley-238-pcs-A1-40296-115
Kunst,Povag - Vakkenkast met tussenschotten,Horst,NL,1,200.00,238.00,tussenschotten,149.00,49,149.00,-89.00,0.63,hoog,,EUR16200 Humbaur Notos xtra  up met omkleedruimte/zadelkamer 3 jaar | EUR75 Occ tussenschotten paardenvrachtwagen | EUR100 Tussenschot 128cm,https://www.troostwijkauctions.com/l/povag-vakkenkast-met-tussenschotten-A1-47593-131
Tuin en terras,Douglas muuraanbouw - 600x300x215 cm,Roggel,NL,1,375.00,446.25,muuraanbouw,349.00,7,349.00,-97.25,0.78,laag,weinig 2dehands-resultaten (n=7),EUR349 Veranda-Muuraanbouw-Pergola-Carport | EUR349 Muuraanbouw-Veranda-Overkapping | EUR699 Douglas Veranda-Muuraanbouw-pergola-Carport,https://www.troostwijkauctions.com/l/douglas-muuraanbouw-600x300x215-cm-A1-45090-6083
Retail en Office,6p conferentieset 250x130,Boven-Leeuwen,NL,1,400.00,476.00,conferentieset,376.50,2,376.50,-99.50,0.79,laag,weinig 2dehands-resultaten (n=2),EUR3 Philips CCS 400 tafelmicrofoon | EUR750 Sennheiser teamConnect wireless tray set,https://www.troostwijkauctions.com/l/6p-conferentieset-250x130-A1-48910-194
Keuken,FOSTER G2 ECO PRO - EP700H - Koelkast,Lummen,BE,1,420.00,499.80,Koelkast,400.00,52,400.00,-99.80,0.80,hoog,,EUR400 Amerikaanse koelkast en diepvries HAIER | EUR785 amerikaanse koelkast Hisense RSIM535AFE nieuw | EUR39 kleine koelkast,https://www.troostwijkauctions.com/l/foster-g2-eco-pro-ep700h-koelkast-A1-41603-124
Catering en Horeca,Saro HK 600 V2 Koelkast,Milsbeek,NL,1,400.00,476.00,V2 Koelkast,372.50,8,372.50,-103.50,0.78,hoog,,"EUR595 Flessenkoelkast Saro HK400GD V2, Koelkast B60 x D59 x | EUR795 Koelkast Saro HK600B V2 B77 x D70 x H190cm | EUR595 Saro Koelkast - B60 x D58 x H186 cm - HK 400 V2",https://www.troostwijkauctions.com/l/saro-hk-600-v2-koelkast-A1-41672-165
Garage inventaris,Ultra Force Equipment Gereedschapswagen 12 laden 293 pcs EN Trolley 238 pcs,Wijchen,NL,1,320.00,380.80,238 pcs,270.00,11,270.00,-110.80,0.71,hoog,,EUR190 Laptop Acer Aspire A515 | EUR2200 Zonder minimumprijs - 238 pcs Diamant (Natuurlijk gekleurd) | EUR100 HP EliteDesk 800 G2 SFF + iiyama monitor – complete PC-set,https://www.troostwijkauctions.com/l/ultra-force-equipment-gereedschapswagen-12-laden-293-pcs-en-trolley-238-pcs-A1-40297-34
Kunst,Botsauto,Someren,NL,1,130.00,154.70,Botsauto,35.00,47,35.00,-119.70,0.23,hoog,,EUR950 Botsauto | EUR15 2 botsauto's Babar | EUR5 Lego Friends 30409 Emma's Botsauto ( polybag ) NIEUW,https://www.troostwijkauctions.com/l/botsauto-A1-43669-20
Wonen & slapen,"Pode - Fold - 2,5 zits Bank - Sofa",Veenendaal,NL,1,400.00,476.00,zits Bank Sofa,352.50,56,352.50,-123.50,0.74,hoog,,"EUR1552 Roche Bobois, NO RESERVE PRICE - Hans Hopfer - Sofa (6) - | EUR1150 2 zits bank Barcelona Pavillion 2 seat sofa zwart | EUR1395 2 zits bank Florence 2 seat sofa zwart",https://www.troostwijkauctions.com/l/pode-fold-2-5-zits-bank-sofa-A1-49241-110
Verwarming,Remeha - Toros 210 liter - RVS buffervat,Boxmeer,NL,1,325.00,386.75,buffervat,262.50,14,262.50,-124.25,0.68,hoog,,"EUR15 Buffervat 200 l | EUR80 Buffervat 100liter | EUR1000 Gelaagd buffervat Alfa EV-SPS-1000, zonder warmtewisselaar",https://www.troostwijkauctions.com/l/remeha-toros-210-liter-rvs-buffervat-A1-46371-37
Huishoudelijke apparatuur,"Airco split 5,3kW  - wifi - 18.000 BTU - tot 55m²",Helmond,NL,1,400.00,476.00,BTU tot,350.00,50,350.00,-126.00,0.74,hoog,,EUR50 LG W09AC compacte raamairconditioner 9.000 BTU | EUR150 Mobiele airconditioner - 9000 BTU | EUR781 vidaXL Buitenkeuken Missouri 4 branders,https://www.troostwijkauctions.com/l/airco-split-5-3kw-wifi-18-000-btu-tot-55m%C2%B2-A1-45091-44
Keuken,Maidaid - GS525 - Vaatwasser,Lummen,BE,1,350.00,416.50,Vaatwasser,278.50,52,278.50,-138.00,0.67,hoog,,EUR250 Hobart vaatwasser huurkoop | EUR290 vaatwas BEKO LVV1347S nieuw | EUR150 Kleine compacte vaatwasser ideaal voor horeca zaken /vakanti,https://www.troostwijkauctions.com/l/maidaid-gs525-vaatwasser-A1-41603-88
Elektronica,"Téléviseur Panasonic 42"" avec table de support",Hoeilaart,BE,1,170.00,202.30,table de support,59.00,50,59.00,-143.30,0.29,hoog,,EUR605 Scie sur table Bosch GTS10 XC + GTA 60 W | EUR8 A4-B5 documenthouder met flexibele arm | EUR1 Support denceinte - Fer forgé - Table de jeu extensible - H,https://www.troostwijkauctions.com/l/televiseur-panasonic-42%22-avec-table-de-support-A1-49238-215
Voedingsmiddelenindustrie,RVS werktafel,Milsbeek,NL,1,300.00,357.00,RVS werktafel,212.95,54,212.95,-144.05,0.60,hoog,,EUR50 `RVS Werktafel 127x65x91cm (B x D x H) Wordt Schoongemaakt V | EUR85 RVS WerkTafel 140 x 70 x 89cm (B x D x H) Wordt Schoongemaak | EUR195 RVS WerkTafel met Bodemschap 124 x 70 x 80cm (B x D x H) Wor,https://www.troostwijkauctions.com/l/rvs-werktafel-A1-41672-223
Evenementen,Tweezitsbank,Valkenburg,NL,1,270.00,321.30,Tweezitsbank,172.24,58,172.24,-149.06,0.54,hoog,,EUR203 vidaXL Tweezitsbank / zetel 135x65x76 cm donkergrijs | EUR166 Tweezitsbank zwart | Tweede Kansje | OP = OP | EUR191 Tweezitsbank Chesterfield | Tweede kansje | OP = OP,https://www.troostwijkauctions.com/l/tweezitsbank-A1-49013-61
Elektronica,Philips 55PUS8450/1w 55” Ambilight Televisie,Ysselsteyn,NL,1,180.00,214.20,55” Ambilight Televisie,58.00,5,58.00,-156.20,0.27,laag,weinig 2dehands-resultaten (n=5),"EUR20 Tv ambilight led strip sync met video via 1080p camera | EUR55 Govee T2 Ambilight (LED VOOR TV) | EUR250 Philips 55POS9002 OLED
Ik verkoop mijn televisie",https://www.troostwijkauctions.com/l/philips-55pus8450-1w-55%E2%80%9D-ambilight-televisie-A1-49126-93
Sanitair en wellness,Natuursteen Black Marmer Wastafel 70x46x10 cm,Dessel,BE,1,300.00,357.00,Marmer Wastafel,199.00,54,199.00,-158.00,0.56,hoog,,"EUR131 vidaXL Wastafel 40 cm marmer zwart | EUR159 Grijs /wit waskom, natuursteen wasbak, marmer wastafel | EUR20 Linie Vano wastafel voor toiletmeubel",https://www.troostwijkauctions.com/l/natuursteen-black-marmer-wastafel-70x46x10-cm-A1-49037-67
Tuin en terras,Stiga Comfort Grasmaaier,RETIE,BE,1,390.00,464.10,Stiga Comfort Grasmaaier,300.00,5,300.00,-164.10,0.65,laag,weinig 2dehands-resultaten (n=5),EUR1500 Stiga villa comfort | EUR300 Stiga Accu-Grasmaaier (Zelfrijdend) + 4 Accu's &  2 Laders | EUR100 STIGA COMBI 48 ES zelfrijdende elektromaaier,https://www.troostwijkauctions.com/l/stiga-comfort-grasmaaier-A3-46181-21711
Houtbewerking,Imet - Sirio 350 - Zaagmachine,Valkenswaard,NL,1,250.00,297.50,350 Zaagmachine,117.00,50,117.00,-180.50,0.39,hoog,,EUR650 Steenzaag Tafelzaag Eldilsider ASO 350 | EUR450 Steenzaagmachine Carat S-coup 350 | EUR10 Veiling - Decoupeerzaag 350 Watt,https://www.troostwijkauctions.com/l/imet-sirio-350-zaagmachine-A1-49098-9
Keuken,Maidaid - EVOLUTION 535WS - Vaatwasser,Lummen,BE,1,390.00,464.10,Vaatwasser,278.50,52,278.50,-185.60,0.60,hoog,,EUR250 Hobart vaatwasser huurkoop | EUR290 vaatwas BEKO LVV1347S nieuw | EUR150 Kleine compacte vaatwasser ideaal voor horeca zaken /vakanti,https://www.troostwijkauctions.com/l/maidaid-evolution-535ws-vaatwasser-A1-41603-126
Houtbewerking,Heesemann Bandschuurmachine,Beringe,NL,1,200.00,238.00,Bandschuurmachine,45.00,54,45.00,-193.00,0.19,hoog,,EUR400 bandschuurmachine | EUR23 Veiling - FF Group bandschuurmachine 900W BS 900 Plus | EUR35 Bandschuurmachine,https://www.troostwijkauctions.com/l/heesemann-bandschuurmachine-A1-48826-12
Baby's en kinderen,Mini Crosser 49cc Red,Meerhout,BE,1,200.00,238.00,Red,37.50,56,37.50,-200.50,0.16,laag,zoekterm te kort/generiek ('Red'),EUR1250 40ft en 40ft HC Nieuw en 2de hands / Levering Mogelijk | EUR180 Mark Sugar - Challenge (Red) | EUR2 verhuur ceremonie stoelen/wedding chairs /conferentie stoel,https://www.troostwijkauctions.com/l/mini-crosser-49cc-red-A3-46184-5834
Verwarming,"Remeha - Toros, 300 liter - RVS buffervat",Boxmeer,NL,1,400.00,476.00,buffervat,262.50,14,262.50,-213.50,0.55,hoog,,"EUR15 Buffervat 200 l | EUR80 Buffervat 100liter | EUR1000 Gelaagd buffervat Alfa EV-SPS-1000, zonder warmtewisselaar",https://www.troostwijkauctions.com/l/remeha-toros-300-liter-rvs-buffervat-A1-46371-42
Garage inventaris,Devenbo - 2026 - DB-2008 - Gereedschapswagen 246 delig,Horst,NL,1,325.00,386.75,246 delig,170.50,16,170.50,-216.25,0.44,hoog,,EUR91 A2058850256 W205 SLEEPOOG KAP (3 delig) ACHTERBUMPER Mercede | EUR91 A2058850256 W205 SLEEPOOG KAP (3 delig) ACHTERBUMPER Mercede | EUR91 A2058850256 W205 C KLASSE SLEEPOOG KAP (3 delig) ACHTERBUMPE,https://www.troostwijkauctions.com/l/devenbo-2026-db-2008-gereedschapswagen-246-delig-A1-47592-13
Sanitair en wellness,Natuursteen Grey Marmer Wastafel 100x40x10 cm,Dessel,BE,1,350.00,416.50,Marmer Wastafel,199.00,54,199.00,-217.50,0.48,hoog,,"EUR131 vidaXL Wastafel 40 cm marmer zwart | EUR159 Grijs /wit waskom, natuursteen wasbak, marmer wastafel | EUR20 Linie Vano wastafel voor toiletmeubel",https://www.troostwijkauctions.com/l/natuursteen-grey-marmer-wastafel-100x40x10-cm-A1-49038-85
Sanitair en wellness,Natuursteen Black Marmer Wastafel 100x40x10 cm,Dessel,BE,1,350.00,416.50,Marmer Wastafel,199.00,54,199.00,-217.50,0.48,hoog,,"EUR131 vidaXL Wastafel 40 cm marmer zwart | EUR159 Grijs /wit waskom, natuursteen wasbak, marmer wastafel | EUR20 Linie Vano wastafel voor toiletmeubel",https://www.troostwijkauctions.com/l/natuursteen-black-marmer-wastafel-100x40x10-cm-A1-49038-86
Sanitair en wellness,Natuursteen Grey Marmer Wastafel 120x40x10 cm,Dessel,BE,1,350.00,416.50,Marmer Wastafel,199.00,54,199.00,-217.50,0.48,hoog,,"EUR131 vidaXL Wastafel 40 cm marmer zwart | EUR159 Grijs /wit waskom, natuursteen wasbak, marmer wastafel | EUR20 Linie Vano wastafel voor toiletmeubel",https://www.troostwijkauctions.com/l/natuursteen-grey-marmer-wastafel-120x40x10-cm-A1-49038-602
Garage inventaris,Lekbak 2530x1310x460mm,Horst,NL,1,350.00,416.50,Lekbak,195.00,54,195.00,-221.50,0.47,hoog,,"EUR529 Stalen lekbak ibc tank 440 liter verzinkt nieuw | EUR150 TM 230 Liter Olievaten opvangbak, Lekbak voor 4 vaten | EUR200 Occ staander met lekbak voor bidons",https://www.troostwijkauctions.com/l/lekbak-2530x1310x460mm-A1-47595-119
Wonen & slapen,Mozart - Premium boxspring - 200 x 200 cm,Cothen,NL,1,400.00,476.00,boxspring 200 x,249.00,58,249.00,-227.00,0.52,hoog,,"EUR279 ** Boxspring vanaf €279,-! 90 120 140 160 180 x 200 210 220 | EUR209 Complete Boxspring Bed 120 140 160 180  Direct Leverbaar | EUR249 ~ACTIEKNALLER~ Boxspring Bed vanaf €249,-! Wees Snel!",https://www.troostwijkauctions.com/l/mozart-premium-boxspring-200-x-200-cm-A1-38720-125
Agrarisch,2017 Twee-traps opveegmachine SMG 120,Elst,NL,1,400.00,476.00,120,242.50,56,242.50,-233.50,0.51,laag,zoekterm te kort/generiek ('120'),EUR550 Aquarium aqualantis 420L | EUR5950 Noblelift SWB-130D Nieuwe Stapelaar Initiële heffing Triplex | EUR100 Roldeurkasten dossierkasten H 160 x B 120 x D 45,https://www.troostwijkauctions.com/l/2017-twee-traps-opveegmachine-smg-120-A1-47385-235
Catering en Horeca,Etna - T3405FT - RVS Werktafel met inbouw oven en gasfornuis,Milsbeek,NL,1,400.00,476.00,inbouw oven gasfornuis,241.99,14,241.99,-234.01,0.51,hoog,,"EUR1100 Keuken, inbouwkeuken. | EUR50 RVS Etna Inbouw Gasfornuis 4 pits GAS Horeca | EUR150 Siemens HR745525E gasfornuis – 4 pitten + elektrische oven",https://www.troostwijkauctions.com/l/etna-t3405ft-rvs-werktafel-met-inbouw-oven-en-gasfornuis-A1-41672-309
Hernieuwbare energie,Goodwe + Dyness - omvormer met 10 kW batterij,Boxmeer,NL,1,411.00,489.09,omvormer batterij,250.00,50,250.00,-239.09,0.51,hoog,,EUR8000 plezierboot zonde vaarbewijs | EUR37990 Mercedes Sprinter 317 Dubbele cabine L3H2 Automaat | EUR41950 ‼️Ford chausson‼️2019‼️AUTOMAAT‼️vol optie’s‼️,https://www.troostwijkauctions.com/l/goodwe-%2B-dyness-omvormer-met-10-kw-batterij-A1-46371-8
Elektronica,Legends Ultimate - home arcade,Boven-Leeuwen,NL,1,210.00,249.90,home arcade,7.00,58,7.00,-242.90,0.03,hoog,,"EUR499 NeoGeo SNK MVSX Home Arcade + HyloX Mod (2000 Games) (BOXED) | EUR35 RiotPWR-game controller (Games, Binnenspeelgoed) | EUR7 Various - Todays Blues - Volume 1",https://www.troostwijkauctions.com/l/legends-ultimate-home-arcade-A1-48910-47
Doe-het-zelf en Renovatie,Natuursteen Marmer Wit Mozaïektegel 52x35 cm 60 stuks,Dessel,BE,1,250.00,297.50,60 stuks,54.00,52,54.00,-243.50,0.18,hoog,,EUR47 Stevige mooie barkrukken - vurenhout - Nieuw | EUR15 NIEUWE SPIEGELS OWV MAGAZIJNOPRUIMING | EUR9 STIPPEN SCHOREN STUTS !!! ACTIE,https://www.troostwijkauctions.com/l/natuursteen-marmer-wit-mozaiektegel-52x35-cm-60-stuks-A1-49037-724
Agrarisch,1998 Caprari MEC-MR80/9A Beregeningspomp,Sint Hubert,NL,1,410.00,487.90,Beregeningspomp,238.00,48,238.00,-249.90,0.49,hoog,,EUR500 beregeningspomp eventueel met motor | EUR1000 beregeningspomp | EUR226 Kärcher BP 5 Home & Garden - Tuin-/Beregeningspomp - 6000,https://www.troostwijkauctions.com/l/1998-caprari-mec-mr80-9a-beregeningspomp-A1-47385-260
Catering en Horeca,Rhima DR 60 Vaatwasmachine,Milsbeek,NL,1,400.00,476.00,60 Vaatwasmachine,225.00,54,225.00,-251.00,0.47,hoog,,EUR490 Inbouwvaatwasmachine 8 maanden oud nog in garantie | EUR25 AEG favorit 5060 vaatwasmachine | EUR290 vaatwas BEKO LVV1347S nieuw,https://www.troostwijkauctions.com/l/rhima-dr-60-vaatwasmachine-A1-41672-186
Transport en logistiek,Fiat - Grande Punto - 1.4 Sportsound - Car - 2006,Maasmechelen,BE,1,400.00,476.00,Sportsound,219.95,58,219.95,-256.05,0.46,hoog,,"EUR58000 Porsche Cayenne 3.0 E-Hybrid coupe Sport chrono, Black Pack | EUR89900 Porsche Macan 4 Airsusp Bose Sportsound Head Up (bj 2024) | EUR27950 CUPRA LEON ST VZ | 245 PK | E-HYBRID | CARPLAY | TOP !",https://www.troostwijkauctions.com/l/fiat-grande-punto-1-4-sportsound-car-2006-A3-46184-5012
Doe-het-zelf en Renovatie,"Natuursteen Marmer Creme Gepolijst 60x60x2 cm Tegels 16,2 m²",Dessel,BE,1,250.00,297.50,Creme Gepolijst Tegels,39.23,10,39.23,-258.27,0.13,hoog,,"EUR22 Wand Mozaïek Tegels Factory Marmer Beige Creme Gepolijst... | EUR22 Wand Mozaïek Tegels Factory Marmer Multi Semi-Gepolijst -.. | EUR41 Vloertegel/Wandtegel Creme 90x90 (Vloeren, Afbouwmaterialen)",https://www.troostwijkauctions.com/l/natuursteen-marmer-creme-gepolijst-60x60x2-cm-tegels-16-2-m%C2%B2-A1-49037-33
Doe-het-zelf en Renovatie,"Saime Kaleido Cenere Mat Vloertegel 60x60 cm 61,92 m²",Dessel,BE,1,250.00,297.50,Mat Vloertegel,35.91,52,35.91,-261.59,0.12,hoog,,"EUR23 Tuintegel Donkergrijs 80x80cm (Vloeren, Afbouwmaterialen) | EUR32 Vloertegel Beige Multivloer (Vloeren, Afbouwmaterialen) | EUR150 schuter ditra ontkoppelings mat",https://www.troostwijkauctions.com/l/saime-kaleido-cenere-mat-vloertegel-60x60-cm-61-92-m%C2%B2-A1-49037-58
Retail en Office,Tablet/laptop trolley,Horst,NL,1,250.00,297.50,Tablet laptop trolley,29.00,17,29.00,-268.50,0.10,hoog,,"EUR25 Targus 16"" laptoptrolley | EUR70 Thule CONBP-116 - Rugzak - Voor laptop tot 15,6 - Carbon | EUR29 Hedgren trolley, rugzak, tas (niet gebruikt)",https://www.troostwijkauctions.com/l/tablet-laptop-trolley-A1-47596-1103
Retail en Office,Vitra Guéridon / Deberenn Nano 3p vergaderset Ø105,Boven-Leeuwen,NL,1,250.00,297.50,Ø105,27.69,48,27.69,-269.81,0.09,laag,zoekterm te kort/generiek ('Ø105'),EUR9 LED Downlight - UMBRIEL - 4000K - Slim - Ø105 - 6W - Zwart | EUR9 LED Downlight - UMBRIEL - 3000K - Slim - Ø105 - 6W - Zwart | EUR9 LED Downlight - UMBRIEL - 3000K - Slim - Ø105 - 6W - Wit,https://www.troostwijkauctions.com/l/vitra-gueridon-deberenn-nano-3p-vergaderset-%C3%B8105-A1-48910-12
Doe-het-zelf en Renovatie,"Saime Kaleido Grigio Muretto Mat 30x60 cm Tegel 21,6 m²",Dessel,BE,1,250.00,297.50,Mat Tegel,26.80,50,26.80,-270.70,0.09,hoog,,EUR75 Stockverkoop PVC douchewanden | EUR28 Stalmatten | Puzzelmatten | Rubberen tegels | Grote voorraad | EUR45 Marmerlook Corinthian Beige Nexion 1198x598x9mm voorraad,https://www.troostwijkauctions.com/l/saime-kaleido-grigio-muretto-mat-30x60-cm-tegel-21-6-m%C2%B2-A1-49037-50
Gereedschap,KraftMüller KM-7/7 kingsize edition Gereedschapswagen 261 pcs,Horst,NL,1,375.00,446.25,pcs,175.00,49,175.00,-271.25,0.39,laag,zoekterm te kort/generiek ('pcs'),EUR156 Lego Set - 76419 - Harry Potter - Schloss Hogwarts mit | EUR57 Citizen - NARUTO Shippuden Limited Edition 710 pcs - | EUR450 Mooie desktop PC met windows 11,https://www.troostwijkauctions.com/l/kraftmuller-km-7-7-kingsize-edition-gereedschapswagen-261-pcs-A1-47592-153
Meer industriële categorieën,Kremer - 2026 - KR-220 - Hogedrukreiniger,Horst,NL,1,380.00,452.20,220 Hogedrukreiniger,180.00,46,180.00,-272.20,0.40,hoog,,EUR40 kew 4403k hogedruk reiniger op drijfkracht | EUR220 Hogedrukreiniger karcher k 7 premium /rioolrat | EUR109 Hogedrukreiniger V14-1 - 1400W - 110 bar | set incl.,https://www.troostwijkauctions.com/l/kremer-2026-kr-220-hogedrukreiniger-A1-47592-151
Metaalbewerking,"Daewoo DAMD 1600 magnetische boormachine
",Horst,NL,1,275.00,327.25,magnetische boormachine,36.09,60,36.09,-291.15,0.11,hoog,,EUR320 Veiling - Daewoo magnetische boormachine DAMD1600 | EUR350 Veiling - Daewoo kernboormachine magnetisch DAMCD1600 | EUR14 KS Tools 1/4 Magnetische Snelwissel-Bithouder Zwenkbaar,https://www.troostwijkauctions.com/l/daewoo-damd-1600-magnetische-boormachine-A1-47595-3031
Sanitair en wellness,RTE 6649 Massagestoel,Horst,NL,1,400.00,476.00,Massagestoel,184.59,60,184.59,-291.41,0.39,hoog,,EUR699 SALE | MOLINI Luxe Full Body Massagestoel Zero Gravity € 699 | EUR1399 Luxe Molini Avantro 4D Massagestoel Zero Gravity MEGA SALE | EUR699 Molini Elektrische Massagestoel SALE massage luxe LCD muziek,https://www.troostwijkauctions.com/l/rte-6649-massagestoel-A1-47592-145
Sanitair en wellness,RTE 6650 Massagestoel,Horst,NL,1,400.00,476.00,Massagestoel,184.59,60,184.59,-291.41,0.39,hoog,,EUR699 SALE | MOLINI Luxe Full Body Massagestoel Zero Gravity € 699 | EUR1399 Luxe Molini Avantro 4D Massagestoel Zero Gravity MEGA SALE | EUR699 Molini Elektrische Massagestoel SALE massage luxe LCD muziek,https://www.troostwijkauctions.com/l/rte-6650-massagestoel-A1-47592-143
Agrarisch,Stihl - BG86 - Benzine Bladblazer,Horst,NL,1,350.00,416.50,Benzine Bladblazer,125.00,48,125.00,-291.50,0.30,hoog,,EUR100 Stiga bladblazer | EUR200 Kibani Benzine Bladblazer 75.6 CC / 5 PK - Luchtsnelheid 320 | EUR400 Husqvarna 570BTS bladblazer,https://www.troostwijkauctions.com/l/stihl-bg86-benzine-bladblazer-A1-47592-150
Wonen & slapen,Montel - Montelex Cortina - Hoekbank - Sofa,Veenendaal,NL,1,400.00,476.00,Hoekbank Sofa,180.49,50,180.49,-295.51,0.38,hoog,,EUR766 vidaXL Tuin loungeset 6 st Wasbruin Massief grenenhout | EUR170 vidaXL 3 st Outdoor Midden- en Hoekbank Naturel | EUR158 vidaXL 3 st Outdoor Midden- en Hoekbank Naturel,https://www.troostwijkauctions.com/l/montel-montelex-cortina-hoekbank-sofa-A1-49241-8
Meer industriële categorieën,2011 Wildri Horizontale opslagtank,Hechtel-Eksel,BE,1,420.00,499.80,opslagtank,200.00,39,200.00,-299.80,0.40,hoog,,EUR5800 Diversen Container/opslagtank | EUR695 Onbekend RVS IBC | EUR320 Luchtcompressor,https://www.troostwijkauctions.com/l/2011-wildri-horizontale-opslagtank-A1-49156-7
Meer industriële categorieën,Kremer - 2026 - KR2900 - Hogedrukreiniger,Horst,NL,1,400.00,476.00,Hogedrukreiniger,175.00,52,175.00,-301.00,0.37,hoog,,EUR2850 Hogedrukreiniger | EUR150 hogedrukreiniger  in prima staat .powerplus  1700 BAR | EUR200 Veiling - Kremer hogedrukreiniger benzine 170 bar KR-170B,https://www.troostwijkauctions.com/l/kremer-2026-kr2900-hogedrukreiniger-A1-47592-148
Tuin en terras,Carport constructie Douglas - 1200x310x300 cm,Roggel,NL,1,400.00,476.00,Carport constructie Douglas,165.00,5,165.00,-311.00,0.35,laag,weinig 2dehands-resultaten (n=5),EUR100 Veiling - Carport constructie Douglas  960x310x300 cm | EUR205 Veiling - Douglas zadeldak overkapping 1200x400x300cm | EUR165 Veiling - Douglas zadeldak overkapping 1500x400x300cm,https://www.troostwijkauctions.com/l/carport-constructie-douglas-1200x310x300-cm-A1-45090-6186
Boten & Jachten,Klassieke Zeilboot - 6 meter,Someren,NL,1,318.00,378.42,Klassieke Zeilboot,65.00,54,65.00,-313.42,0.17,hoog,,"EUR25 Zeilboten olieverf op doek 74x64cm | EUR1400 Klassieke Snipe zeilboot | EUR240 Austrian School (XIX), signed Hauser - La Tempesta e il",https://www.troostwijkauctions.com/l/klassieke-zeilboot-6-meter-A1-43669-12
Sport & vrije tijd,Vespa - Bromscooter - Primavera 4T - Scooter,Loon op Zand,NL,1,400.00,476.00,Primavera 4T Scooter,160.00,12,160.00,-316.00,0.34,hoog,,EUR170 NIEUW !!! MALOSSI INJTRONIC ECU 50CC EURO 5 – TE KOOP | EUR195 ECU Malossi Piaggio & Vespa 50cc 4 Takt 3V Euro5 iGet | EUR225 Lot Malossi INJTRONIC + Multivar 50cc Piaggio Vespa,https://www.troostwijkauctions.com/l/vespa-bromscooter-primavera-4t-scooter-A1-39746-210
Metaalbewerking,"Daewoo DAMD 1600 magnetische boormachine
",Horst,NL,1,300.00,357.00,magnetische boormachine,36.09,60,36.09,-320.90,0.10,hoog,,EUR320 Veiling - Daewoo magnetische boormachine DAMD1600 | EUR350 Veiling - Daewoo kernboormachine magnetisch DAMCD1600 | EUR131 Veiling - Makita accuboor en slagschroever combi kit DK18354,https://www.troostwijkauctions.com/l/daewoo-damd-1600-magnetische-boormachine-A1-47592-171
Tuin en terras,Kapschuur constructie - 900x300x322 cm,Roggel,NL,1,400.00,476.00,constructie,155.00,57,155.00,-321.00,0.33,hoog,,EUR75 Gitterbox GB013A opzetranden groen 1200 x 800 x 800 mm | EUR58 Donkere hoge barkrukken van grenenhout - NIEUW! | EUR199 Verzinkte stapelbak L vaste constructie 1200 x 800 x 670 mm,https://www.troostwijkauctions.com/l/kapschuur-constructie-900x300x322-cm-A1-45090-6106
Doe-het-zelf en Renovatie,"Magica Libeccio Naturale Mat 30x120 cm Tegel 47,52 m²",Dessel,BE,1,310.00,368.90,Naturale Mat Tegel,41.16,21,41.16,-327.74,0.11,hoog,,"EUR31 Vloertegel/Wandtegel Bruingrijs 60x120cm (Muurtegels) | EUR23 Vloertegel Beige 33x33cm (Vloeren, Afbouwmaterialen) | EUR22 Vloertegel/Wandtegel Beige 15x60cm (Vloeren, Bouwmaterialen)",https://www.troostwijkauctions.com/l/magica-libeccio-naturale-mat-30x120-cm-tegel-47-52-m%C2%B2-A1-49037-7
Voedingsmiddelenindustrie,De Bruyne Aardappel sorteermachine,RETIE,BE,1,350.00,416.50,sorteermachine,88.10,6,88.10,-328.40,0.21,laag,weinig 2dehands-resultaten (n=6),EUR1250 sorteermachine tomaten appelen fruit groenten trieermachine | EUR26 Idolen van de psycholoog / Collectie alter ego 9789061312352 | EUR150 Te koop: Safescan 1200 munttelmachine & sorteermachine,https://www.troostwijkauctions.com/l/de-bruyne-aardappel-sorteermachine-A3-46181-21710
Evenementen,Kroonluchter,Valkenburg,NL,1,330.00,392.70,Kroonluchter,60.00,48,60.00,-332.70,0.15,hoog,,"EUR350 Gubi turbo Large Luster | EUR80 Koperen kroonluster | EUR64 vidaXL Kroonluchter 36,5 x 46 cm",https://www.troostwijkauctions.com/l/kroonluchter-A1-49013-4
Tuin en terras,Douglas overkapping 300x300 cm,Roggel,NL,1,400.00,476.00,Douglas overkapping,135.00,54,135.00,-341.00,0.28,hoog,,EUR3 DOUGLAS BALKEN EN PALEN | Tuinhout | Overkapping | Geschaafd | EUR100 Veiling - Carport constructie Douglas  960x310x300 cm | EUR2950 Douglas robuust Veranda-Muuraanbouw-pergola-Carport,https://www.troostwijkauctions.com/l/douglas-overkapping-300x300-cm-A1-45090-6085
Sport & vrije tijd,Life Fitness 95 C Home Trainer,Milsbeek,NL,1,350.00,416.50,C Home Trainer,75.10,54,75.10,-341.40,0.18,hoog,,EUR299 Hometrainer DKN Technology RB-3i ‼️‼️in nieuwstaat‼️‼️ | EUR150 Smart bike c67926 home trainer | EUR400 Home trainer Tacx FLUX S Smart,https://www.troostwijkauctions.com/l/life-fitness-95-c-home-trainer-A1-41672-320
Voedingsmiddelenindustrie,Berkel 834 S Snijmachine,Eindhoven,NL,1,330.00,392.70,S Snijmachine,50.00,42,50.00,-342.70,0.13,hoog,,EUR220 snijmachine | EUR50 Satémaker | EUR150 Ideal 1071 snijmachine/ bordschaar 71 cm gebruikt,https://www.troostwijkauctions.com/l/berkel-834-s-snijmachine-A1-48967-69
Gereedschap,Ultra Force Equipment Gereedschapswagen 12 laden 293 pcs gereedschap - heavy duty Jumbo,Wijchen,NL,1,310.00,368.90,Jumbo,25.00,40,25.00,-343.90,0.07,laag,zoekterm te kort/generiek ('Jumbo'),EUR1175 Ibanez Prestige RG652 AHM Japan | EUR6 Torenspel - Jumbo gezelschapsspel | EUR70 Map met jumbo pokemon kaarten,https://www.troostwijkauctions.com/l/ultra-force-equipment-gereedschapswagen-12-laden-293-pcs-gereedschap-heavy-duty-jumbo-A1-40296-319
Metaalbewerking,Daewoo DA5100-HC - Hydraulische slangen pers - Krimpbereik: 15-63mm - 3000W,Wijchen,NL,1,400.00,476.00,15,130.00,48,130.00,-346.00,0.27,laag,zoekterm te kort/generiek ('15'),EUR47 Stevige mooie barkrukken - vurenhout - Nieuw | EUR650 Te koop iPhone 15 Pro Max 256 GB  kleur zwart | EUR85 Super mooie wijnvaten zwarte banden - regenton - bloembakken,https://www.troostwijkauctions.com/l/daewoo-da5100-hc-hydraulische-slangen-pers-krimpbereik-15-63mm-3000w-A1-40297-119
Agrarisch,JCB Houthakselaar CH150120PE - 120 mm EN  bladblazer Daewoo,Wijchen,NL,1,400.00,476.00,Daewoo,125.00,56,125.00,-351.00,0.26,hoog,,EUR250 Nieuwe roetfilters (dpf) voor alle automerken | EUR300 Turbo voor alle automerken met garantie | EUR150 DPF Roetfilter reinigen met garantie,https://www.troostwijkauctions.com/l/jcb-houthakselaar-ch150120pe-120-mm-en-bladblazer-daewoo-A1-40297-51
Wonen & slapen,Montel - Xavi - Draaifauteuil - Arm Chair,Veenendaal,NL,1,400.00,476.00,Arm Chair,124.95,54,124.95,-351.05,0.26,hoog,,EUR125 Ergonomische Bureaustoel -  Office Chair - Gamestoel - Volwa | EUR220 Rockies cowhide arm chair | EUR140 Ergonomische Bureaustoel -  Office Chair - Gamestoel - Volwa,https://www.troostwijkauctions.com/l/montel-xavi-draaifauteuil-arm-chair-A1-49241-32
Evenementen,Osta Saphir Vloerkleed 350x250cm,Valkenburg,NL,1,340.00,404.60,Vloerkleed,45.00,48,45.00,-359.60,0.11,hoog,,"EUR100 Vintage design vloerkleed Dalia, laagpolig - 240 x 340 cm | EUR250 chinees tapijt | EUR1 China - Vloerkleed - 0.62 m - 1.21 m - Aziatische zijden",https://www.troostwijkauctions.com/l/osta-saphir-vloerkleed-350x250cm-A1-49013-15
Verwarming,Coballes Kendra Plus 300L RVS boiler - warmwateropslagvat voor warmptepomp,Helmond,NL,1,350.00,416.50,warmptepomp,50.00,3,50.00,-366.50,0.12,laag,weinig 2dehands-resultaten (n=3),EUR70 Bypas zwembad | EUR50 nieuwe warmptepomp bestway | EUR10 2x Sokkel warmptepomp droogkast,https://www.troostwijkauctions.com/l/coballes-kendra-plus-300l-rvs-boiler-warmwateropslagvat-voor-warmptepomp-A1-45091-63
Evenementen,Smeedijzeren meerkoppige vloerlamp,Valkenburg,NL,1,370.00,440.30,vloerlamp,55.00,55,55.00,-385.30,0.12,hoog,,EUR65 Vloerlamp met zuinige lamp | EUR695 Secto Design Owalo 7010 design vloerlamp – zwart berkenhout | EUR265 Vloerlamp Contemporary zwart,https://www.troostwijkauctions.com/l/smeedijzeren-meerkoppige-vloerlamp-A1-49013-100
Doe-het-zelf en Renovatie,"Natuursteen Marmer Wit Honed 20x20x1,2 cm Tegel 25 m²",Dessel,BE,1,350.00,416.50,Honed Tegel,26.50,7,26.50,-390.00,0.06,laag,weinig 2dehands-resultaten (n=7),EUR28 Vloertegel/Wandtegel Lichtgrijs 90x90cm (Afbouwmaterialen) | EUR26 Vloertegel/Wandtegel Grijs 60x120cm (Muur- en plafondtegels) | EUR22 Mosaic Hexgon Marmer Bianco Carrara Chiaro 150mm op voorraad,https://www.troostwijkauctions.com/l/natuursteen-marmer-wit-honed-20x20x1-2-cm-tegel-25-m%C2%B2-A1-49037-224
Meer industriële categorieën,Kremer KR-FL50A  - schrobzuigmachine - schrobben - zuigen en drogen - reinigingsmachine,Wijchen,NL,1,420.00,499.80,drogen reinigingsmachine,105.00,16,105.00,-394.80,0.21,hoog,,EUR2750 Daewoo professionele schrobzuigmachine 50L/50L – 24V | EUR110 Kremer KRM350 vloerschrobmachine | EUR100 Kremer KRM30 vloerschrobber,https://www.troostwijkauctions.com/l/kremer-kr-fl50a-schrobzuigmachine-schrobben-zuigen-en-drogen-reinigingsmachine-A1-40296-118
Voedingsmiddelenindustrie,Berkel - 834 S - Snijmachine,Dordrecht,NL,1,390.00,464.10,S Snijmachine,50.00,42,50.00,-414.10,0.11,hoog,,EUR220 snijmachine | EUR50 Satémaker | EUR150 Ideal 1071 snijmachine/ bordschaar 71 cm gebruikt,https://www.troostwijkauctions.com/l/berkel-834-s-snijmachine-A1-49366-14
Doe-het-zelf en Renovatie,"Fioranese Manoir Gris Brion Mat 30,2x60,4 cm Tegel 97,19 m²",Dessel,BE,1,375.00,446.25,Mat Tegel,26.80,50,26.80,-419.45,0.06,hoog,,EUR75 Stockverkoop PVC douchewanden | EUR28 Stalmatten | Puzzelmatten | Rubberen tegels | Grote voorraad | EUR45 Marmerlook Corinthian Beige Nexion 1198x598x9mm voorraad,https://www.troostwijkauctions.com/l/fioranese-manoir-gris-brion-mat-30-2x60-4-cm-tegel-97-19-m%C2%B2-A1-49037-87
Agrarisch,2022 Billy Goat KV601SP professionele bladzuiger - nieuw,DUFFEL,BE,1,385.00,458.15,bladzuiger,27.50,48,27.50,-430.65,0.06,hoog,,"EUR2995 BTP Bladzuiger Jansen LS-700, trekdissel, loofzuiger op kar | EUR1449 JANSEN Bladzuiger met aandrijving extra zuigslang & blaaspij | EUR279 BTP actie bladzuiger bladblazer op accu met 2 accus!",https://www.troostwijkauctions.com/l/2022-billy-goat-kv601sp-professionele-bladzuiger-nieuw-A3-46183-10174
Doe-het-zelf en Renovatie,"Qua Granite Ark Ivory Outdoor Tegel 60x60x2 cm 23,04 m²",Dessel,BE,1,400.00,476.00,Outdoor Tegel,44.95,13,44.95,-431.05,0.09,hoog,,"EUR25 Plafondlamp - Metaal, Hout, Glas, Messing, Aluminium - Cage | EUR43 Zwembadtegels - Fitnesstegels - Foam tegels - 242x242 cm - Z | EUR40 Zwembadtegels - Fitnesstegels - Foam tegels - 200x200 cm - A",https://www.troostwijkauctions.com/l/qua-granite-ark-ivory-outdoor-tegel-60x60x2-cm-23-04-m%C2%B2-A1-49037-6
Transport en logistiek,"Peugeot 207 SW 1.6 VTi XS Première 2007, 04-XP-SG",Dordrecht,NL,1,400.00,476.00,XS Première,41.50,10,41.50,-434.50,0.09,hoog,,EUR43 Regendeken | EUR15 pony vliegendeken | EUR45 Tshirt Lacoste maat XS - *NIEUW*,https://www.troostwijkauctions.com/l/peugeot-207-sw-1-6-vti-xs-premiere-2007-04-xp-sg-A1-41539-9
Tuin en terras,Toro eMulticycler™ eL43PST 43 cm Accugrasmaaier – Flex-Force Power System 60V – Model 21843,Grashoek,NL,1,400.00,476.00,21843,34.99,3,34.99,-441.01,0.07,laag,weinig 2dehands-resultaten (n=3); zoekterm te kort/generiek ('21843'),"EUR35 Hoedenplank van een Seat Toledo | EUR79 CBR1100XX 1999 - 2006, 1996 - 1998 Honda Kuipdeel D1-18114 | EUR10 R1 2004 - 2006 Yamaha Rubber Rubber divers D1-21843",https://www.troostwijkauctions.com/l/toro-emulticycler-el43pst-43-cm-accugrasmaaier-%E2%80%93-flex-force-power-system-60v-%E2%80%93-model-21843-A1-47385-297
Transport en logistiek,Jungheinrich - MPB - Palletstelling 5x16,Horst,NL,1,400.00,476.00,Jungheinrich MPB Palletstelling,33.50,19,33.50,-442.50,0.07,hoog,,EUR38 Jungheinrich MPB palletstelling gebruikt Ligger | EUR62 Jungheinrich MPB palletstelling gebruikt Staander | EUR55 Jungheinrich MPB palletstelling gebruikt Staander,https://www.troostwijkauctions.com/l/jungheinrich-mpb-palletstelling-5x16-A1-47593-19
Evenementen,Koningin Wilhelmina Willy Sluiter reproductie schilderij,Valkenburg,NL,1,405.00,481.95,reproductie schilderij,25.00,54,25.00,-456.95,0.05,hoog,,EUR125 Reproductie  Leon Engelen | EUR25 Zeer mooie reproductie schilderij | EUR5 twee portret schilderijtjes ( reproductie ),https://www.troostwijkauctions.com/l/koningin-wilhelmina-willy-sluiter-reproductie-schilderij-A1-49013-11
Agrarisch,2021 Bonatti Frontlader MP3 “ongebruikt”,Elst,NL,1,420.00,499.80,MP3 “ongebruikt”,34.95,22,34.95,-464.85,0.07,hoog,,"EUR100 Nieuwe Apple iPod Shuffle 2e generatie 1GB | EUR125 Nedis DABMAN i450 CD Multifunctionele Stereo Radio voor DAB+ | EUR40 Kenwood KDC-W311A autoradio, ongebruikt, originele doos NOS",https://www.troostwijkauctions.com/l/2021-bonatti-frontlader-mp3-%E2%80%9Congebruikt%E2%80%9D-A1-47385-162
